Date	repo_bnym 
2020-03-20	0.03000
2020-03-19	0.05000
2020-03-18	0.10000
2020-03-17	0.50000
2020-03-16	0.23000
2020-03-13	1.08000
2020-03-12	1.20000
2020-03-11	1.14000
2020-03-10	1.10000
2020-03-09	1.08000
2020-03-06	1.08000
2020-03-05	1.11000
2020-03-04	1.22000
2020-03-03	1.63000
2020-03-02	1.57000
2020-02-28	1.59000
2020-02-27	1.57000
2020-02-26	1.57000
2020-02-25	1.57000
2020-02-24	1.56000
2020-02-21	1.56000
2020-02-20	1.59000
2020-02-19	1.57000
2020-02-18	1.58000
2020-02-14	1.56000
2020-02-13	1.55000
2020-02-12	1.55000
2020-02-11	1.56000
2020-02-10	1.56000
2020-02-07	1.56000
2020-02-06	1.57000
2020-02-05	1.57000
2020-02-04	1.58000
2020-02-03	1.57000
2020-01-31	1.57000
2020-01-30	1.55000
2020-01-29	1.51000
2020-01-28	1.51000
2020-01-27	1.51000
2020-01-24	1.51000
2020-01-23	1.51000
2020-01-22	1.51000
2020-01-21	1.52000
2020-01-17	1.52000
2020-01-16	1.52000
2020-01-15	1.53000
2020-01-14	1.52000
2020-01-13	1.52000
2020-01-10	1.52000
2020-01-09	1.52000
2020-01-08	1.52000
2020-01-07	1.53000
2020-01-06	1.52000
2020-01-03	1.52000
2020-01-02	1.50000
2019-12-31	1.55000
2019-12-30	1.52000
2019-12-27	1.50000
2019-12-26	1.49000
2019-12-24	1.50000
2019-12-23	1.50000
2019-12-20	1.49000
2019-12-19	1.50000
2019-12-18	1.50000
2019-12-17	1.50000
2019-12-16	1.60000
2019-12-13	1.50000
2019-12-12	1.49000
2019-12-11	1.50000
2019-12-10	1.51000
2019-12-09	1.53000
2019-12-06	1.52000
2019-12-05	1.52000
2019-12-04	1.50000
2019-12-03	1.51000
2019-12-02	1.60000
2019-11-29	1.62000
2019-11-27	1.50000
2019-11-26	1.51000
2019-11-25	1.54000
2019-11-22	1.56000
2019-11-21	1.55000
2019-11-20	1.54000
2019-11-19	1.53000
2019-11-18	1.52000
2019-11-15	1.55000
2019-11-14	1.55000
2019-11-13	1.54000
2019-11-12	1.54000
2019-11-08	1.53000
2019-11-07	1.53000
2019-11-06	1.53000
2019-11-05	1.55000
2019-11-04	1.54000
2019-11-01	1.55000
2019-10-31	1.73000
2019-10-30	1.80000
2019-10-29	1.78000
2019-10-28	1.80000
2019-10-25	1.81000
2019-10-24	1.85000
2019-10-23	1.84000
2019-10-22	1.85000
2019-10-21	1.83000
2019-10-18	1.85000
2019-10-17	1.93000
2019-10-16	2.02000
2019-10-15	1.96000
2019-10-11	1.82000
2019-10-10	1.82000
2019-10-09	1.82000
2019-10-08	1.82000
2019-10-07	1.80000
2019-10-04	1.79000
2019-10-03	1.81000
2019-10-02	1.82000
2019-10-01	1.84000
2019-09-30	2.35000
2019-09-27	1.80000
2019-09-26	1.82000
2019-09-25	2.00000
2019-09-24	1.94000
2019-09-23	1.82000
2019-09-20	1.85000
2019-09-19	1.91000
2019-09-18	2.50000
2019-09-17	5.25000
2019-09-16	2.42000
2019-09-13	2.19000
2019-09-12	2.18000
2019-09-11	2.14000
2019-09-10	2.13000
2019-09-09	2.11000
2019-09-06	2.15000
2019-09-05	2.20000
2019-09-04	2.21000
2019-09-03	2.15000
2019-08-30	2.15000
2019-08-29	2.11000
2019-08-28	2.11000
2019-08-27	2.14000
2019-08-26	2.09000
2019-08-23	2.07000
2019-08-22	2.07000
2019-08-21	2.08000
2019-08-20	2.12000
2019-08-19	2.10000
2019-08-16	2.12000
2019-08-15	2.18000
2019-08-14	2.12000
2019-08-13	2.16000
2019-08-12	2.11000
2019-08-09	2.10000
2019-08-08	2.07000
2019-08-07	2.09000
2019-08-06	2.10000
2019-08-05	2.12000
2019-08-02	2.18000
2019-08-01	2.19000
2019-07-31	2.53000
2019-07-30	2.38000
2019-07-29	2.39000
2019-07-26	2.40000
2019-07-25	2.41000
2019-07-24	2.40000
2019-07-23	2.38000
2019-07-22	2.38000
2019-07-19	2.40000
2019-07-18	2.44000
2019-07-17	2.45000
2019-07-16	2.44000
2019-07-15	2.43000
2019-07-12	2.34000
2019-07-11	2.40000
2019-07-10	2.45000
2019-07-09	2.45000
2019-07-08	2.46000
2019-07-05	2.58000
2019-07-03	2.55000
2019-07-02	2.49000
2019-07-01	2.38000
2019-06-28	2.50000
2019-06-27	2.40000
2019-06-26	2.43000
2019-06-25	2.40000
2019-06-24	2.38000
2019-06-21	2.35000
2019-06-20	2.33000
2019-06-19	2.34000
2019-06-18	2.36000
2019-06-17	2.38000
2019-06-14	2.32000
2019-06-13	2.34000
2019-06-12	2.36000
2019-06-11	2.36000
2019-06-10	2.37000
2019-06-07	2.37000
2019-06-06	2.37000
2019-06-05	2.36000
2019-06-04	2.36000
2019-06-03	2.37000
2019-05-31	2.48000
2019-05-30	2.39000
2019-05-29	2.39000
2019-05-28	2.38000
2019-05-24	2.34000
2019-05-23	2.34000
2019-05-22	2.34000
2019-05-21	2.36000
2019-05-20	2.36000
2019-05-17	2.39000
2019-05-16	2.40000
2019-05-15	2.45000
2019-05-14	2.36000
2019-05-13	2.35000
2019-05-10	2.37000
2019-05-09	2.38000
2019-05-08	2.40000
2019-05-07	2.41000
2019-05-06	2.40000
2019-05-03	2.41000
2019-05-02	2.46000
2019-05-01	2.50000
2019-04-30	2.75000
2019-04-29	2.47000
2019-04-26	2.45000
2019-04-25	2.41000
2019-04-24	2.41000
2019-04-23	2.45000
2019-04-22	2.43000
2019-04-18	2.46000
2019-04-17	2.47000
2019-04-16	2.43000
2019-04-15	2.43000
2019-04-12	2.40000
2019-04-11	2.40000
2019-04-10	2.42000
2019-04-09	2.42000
2019-04-08	2.43000
2019-04-05	2.43000
2019-04-04	2.43000
2019-04-03	2.43000
2019-04-02	2.43000
2019-04-01	2.41000
2019-03-29	2.60000
2019-03-28	2.42000
2019-03-27	2.38000
2019-03-26	2.37000
2019-03-25	2.37000
2019-03-22	2.38000
2019-03-21	2.43000
2019-03-20	2.46000
2019-03-19	2.40000
2019-03-18	2.38000
2019-03-15	2.43000
2019-03-14	2.39000
2019-03-13	2.38000
2019-03-12	2.37000
2019-03-11	2.36000
2019-03-08	2.36000
2019-03-07	2.37000
2019-03-06	2.36000
2019-03-05	2.36000
2019-03-04	2.36000
2019-03-01	2.37000
2019-02-28	2.56000
2019-02-27	2.37000
2019-02-26	2.37000
2019-02-25	2.37000
2019-02-22	2.37000
2019-02-21	2.37000
2019-02-20	2.38000
2019-02-19	2.38000
2019-02-15	2.41000
2019-02-14	2.37000
2019-02-13	2.36000
2019-02-12	2.36000
2019-02-11	2.40000
2019-02-08	2.35000
2019-02-07	2.36000
2019-02-06	2.35000
2019-02-05	2.37000
2019-02-04	2.39000
2019-02-01	2.44000
2019-01-31	2.55000
2019-01-30	2.36000
2019-01-29	2.37000
2019-01-28	2.37000
2019-01-25	2.38000
2019-01-24	2.40000
2019-01-23	2.38000
2019-01-22	2.37000
2019-01-18	2.37000
2019-01-17	2.37000
2019-01-16	2.37000
2019-01-15	2.41000
2019-01-14	2.38000
2019-01-11	2.38000
2019-01-10	2.41000
2019-01-09	2.44000
2019-01-08	2.40000
2019-01-07	2.39000
2019-01-04	2.43000
2019-01-03	2.70000
2019-01-02	3.10000
2018-12-31	2.95000
2018-12-28	2.45000
2018-12-27	2.43000
2018-12-26	2.43000
2018-12-24	2.41000
2018-12-21	2.39000
2018-12-20	2.40000
2018-12-19	2.29000
2018-12-18	2.31000
2018-12-17	2.28000
2018-12-14	2.19000
2018-12-13	2.18000
2018-12-12	2.17000
2018-12-11	2.17000
2018-12-10	2.20000
2018-12-07	2.28000
2018-12-06	2.31000
2018-12-05	2.23000
2018-12-04	2.28000
2018-12-03	2.22000
2018-11-30	2.27000
2018-11-29	2.23000
2018-11-28	2.19000
2018-11-27	2.18000
2018-11-26	2.18000
2018-11-23	2.22000
2018-11-21	2.17000
2018-11-20	2.18000
2018-11-19	2.22000
2018-11-16	2.25000
2018-11-15	2.26000
2018-11-14	2.17000
2018-11-13	2.17000
2018-11-09	2.19000
2018-11-08	2.20000
2018-11-07	2.17000
2018-11-06	2.22000
2018-11-05	2.23000
2018-11-02	2.24000
2018-11-01	2.20000
2018-10-31	2.20000
2018-10-30	2.17000
2018-10-29	2.17000
2018-10-26	2.17000
2018-10-25	2.17000
2018-10-24	2.16000
2018-10-23	2.15000
2018-10-22	2.17000
2018-10-19	2.17000
2018-10-18	2.18000
2018-10-17	2.17000
2018-10-16	2.17000
2018-10-15	2.19000
2018-10-12	2.16000
2018-10-11	2.16000
2018-10-10	2.14000
2018-10-09	2.13000
2018-10-05	2.14000
2018-10-04	2.17000
2018-10-03	2.18000
2018-10-02	2.19000
2018-10-01	2.20000
2018-09-28	2.24000
2018-09-27	2.15000
2018-09-26	1.91000
2018-09-25	1.91000
2018-09-24	1.94000
2018-09-21	1.90000
2018-09-20	1.90000
2018-09-19	1.90000
2018-09-18	1.91000
2018-09-17	1.97000
2018-09-14	1.91000
2018-09-13	1.91000
2018-09-12	1.92000
2018-09-11	1.92000
2018-09-10	1.92000
2018-09-07	1.91000
2018-09-06	1.91000
2018-09-05	1.93000
2018-09-04	1.93000
2018-08-31	1.95000
2018-08-30	1.93000
2018-08-29	1.92000
2018-08-28	1.94000
2018-08-27	1.94000
2018-08-24	1.94000
2018-08-23	1.92000
2018-08-22	1.89000
2018-08-21	1.88000
2018-08-20	1.89000
2018-08-17	1.90000
2018-08-16	1.98000
2018-08-15	1.97000
2018-08-14	1.91000
2018-08-13	1.89000
2018-08-10	1.88000
2018-08-09	1.90000
2018-08-08	1.87000
2018-08-07	1.86000
2018-08-06	1.84000
2018-08-03	1.83000
2018-08-02	1.90000
2018-08-01	1.86000
2018-07-31	1.91000
2018-07-30	1.86000
2018-07-27	1.87000
2018-07-26	1.89000
2018-07-25	1.86000
2018-07-24	1.89000
2018-07-23	1.86000
2018-07-20	1.86000
2018-07-19	1.88000
2018-07-18	1.87000
2018-07-17	1.91000
2018-07-16	1.92000
2018-07-13	1.87000
2018-07-12	1.87000
2018-07-11	1.86000
2018-07-10	1.87000
2018-07-09	1.87000
2018-07-06	1.90000
2018-07-05	1.95000
2018-07-03	1.98000
2018-07-02	2.01000
2018-06-29	2.10000
2018-06-28	1.90000
2018-06-27	1.88000
2018-06-26	1.89000
2018-06-25	1.89000
2018-06-22	1.90000
2018-06-21	1.83000
2018-06-20	1.83000
2018-06-19	1.84000
2018-06-18	1.85000
2018-06-15	1.87000
2018-06-14	1.87000
2018-06-13	1.68000
2018-06-12	1.65000
2018-06-11	1.66000
2018-06-08	1.67000
2018-06-07	1.69000
2018-06-06	1.70000
2018-06-05	1.72000
2018-06-04	1.76000
2018-06-01	1.77000
2018-05-31	1.78000
2018-05-30	1.70000
2018-05-29	1.70000
2018-05-25	1.70000
2018-05-24	1.71000
2018-05-23	1.63000
2018-05-22	1.63000
2018-05-21	1.66000
2018-05-18	1.69000
2018-05-17	1.71000
2018-05-16	1.70000
2018-05-15	1.74000
2018-05-14	1.70000
2018-05-11	1.70000
2018-05-10	1.69000
2018-05-09	1.68000
2018-05-08	1.68000
2018-05-07	1.67000
2018-05-04	1.68000
2018-05-03	1.70000
2018-05-02	1.70000
2018-05-01	1.70000
2018-04-30	1.72000
2018-04-27	1.68000
2018-04-26	1.68000
2018-04-25	1.67000
2018-04-24	1.68000
2018-04-23	1.67000
2018-04-20	1.67000
2018-04-19	1.67000
2018-04-18	1.69000
2018-04-17	1.70000
2018-04-16	1.70000
2018-04-13	1.68000
2018-04-12	1.68000
2018-04-11	1.70000
2018-04-10	1.70000
2018-04-09	1.70000
2018-04-06	1.70000
2018-04-05	1.70000
2018-04-04	1.70000
2018-04-03	1.81000
2018-04-02	1.77000
2018-03-29	1.80000
2018-03-28	1.70000
2018-03-27	1.70000
2018-03-26	1.70000
2018-03-23	1.68000
2018-03-22	1.64000
2018-03-21	1.47000
2018-03-20	1.47000
2018-03-19	1.45000
2018-03-16	1.47000
2018-03-15	1.50000
2018-03-14	1.41000
2018-03-13	1.40000
2018-03-12	1.40000
2018-03-09	1.40000
2018-03-08	1.42000
2018-03-07	1.38000
2018-03-06	1.38000
2018-03-05	1.38000
2018-03-02	1.38000
2018-03-01	1.38000
2018-02-28	1.36000
2018-02-27	1.33000
2018-02-26	1.32000
2018-02-23	1.33000
2018-02-22	1.32000
2018-02-21	1.30000
2018-02-20	1.32000
2018-02-16	1.34000
2018-02-15	1.34000
2018-02-14	1.28000
2018-02-13	1.29000
2018-02-12	1.28000
2018-02-09	1.29000
2018-02-08	1.30000
2018-02-07	1.27000
2018-02-06	1.27000
2018-02-05	1.29000
2018-02-02	1.29000
2018-02-01	1.29000
2018-01-31	1.33000
2018-01-30	1.29000
2018-01-29	1.29000
2018-01-26	1.30000
2018-01-25	1.30000
2018-01-24	1.30000
2018-01-23	1.27000
2018-01-22	1.28000
2018-01-19	1.28000
2018-01-18	1.29000
2018-01-17	1.31000
2018-01-16	1.33000
2018-01-12	1.30000
2018-01-11	1.28000
2018-01-10	1.26000
2018-01-09	1.27000
2018-01-08	1.29000
2018-01-05	1.30000
2018-01-04	1.35000
2018-01-03	1.34000
2018-01-02	1.34000
2017-12-29	1.25000
2017-12-28	1.33000
2017-12-27	1.33000
2017-12-26	1.33000
2017-12-22	1.33000
2017-12-21	1.31000
2017-12-20	1.30000
2017-12-19	1.30000
2017-12-18	1.30000
2017-12-15	1.30000
2017-12-14	1.28000
2017-12-13	1.02000
2017-12-12	1.02000
2017-12-11	1.02000
2017-12-08	1.02000
2017-12-07	1.04000
2017-12-06	1.04000
2017-12-05	1.03000
2017-12-04	1.01000
2017-12-01	1.02000
2017-11-30	1.03000
2017-11-29	1.01000
2017-11-28	1.03000
2017-11-27	1.04000
2017-11-24	1.05000
2017-11-22	1.03000
2017-11-21	1.03000
2017-11-20	1.05000
2017-11-17	1.06000
2017-11-16	1.08000
2017-11-15	1.07000
2017-11-14	1.04000
2017-11-13	1.04000
2017-11-10	1.04000
2017-11-09	1.04000
2017-11-08	1.03000
2017-11-07	1.03000
2017-11-06	1.03000
2017-11-03	1.04000
2017-11-02	1.04000
2017-11-01	1.03000
2017-10-31	1.05000
2017-10-30	1.02000
2017-10-27	1.03000
2017-10-26	1.04000
2017-10-25	1.03000
2017-10-24	1.04000
2017-10-23	1.04000
2017-10-20	1.04000
2017-10-19	1.03000
2017-10-18	1.03000
2017-10-17	1.03000
2017-10-16	1.03000
2017-10-13	1.01000
2017-10-12	1.02000
2017-10-11	1.02000
2017-10-10	1.02000
2017-10-06	1.02000
2017-10-05	1.02000
2017-10-04	1.01000
2017-10-03	1.01000
2017-10-02	1.01000
2017-09-29	1.00000
2017-09-28	1.00000
2017-09-27	1.00000
2017-09-26	1.00000
2017-09-25	1.01000
2017-09-22	1.01000
2017-09-21	1.01000
2017-09-20	1.00000
2017-09-19	1.00000
2017-09-18	1.02000
2017-09-15	1.04000
2017-09-14	1.04000
2017-09-13	1.02000
2017-09-12	1.02000
2017-09-11	1.02000
2017-09-08	1.02000
2017-09-07	1.02000
2017-09-06	1.02000
2017-09-05	1.02000
2017-09-01	1.04000
2017-08-31	1.00000
2017-08-30	1.02000
2017-08-29	1.02000
2017-08-28	1.03000
2017-08-25	1.03000
2017-08-24	1.04000
2017-08-23	1.01000
2017-08-22	1.01000
2017-08-21	1.02000
2017-08-18	1.03000
2017-08-17	1.03000
2017-08-16	1.03000
2017-08-15	1.05000
2017-08-14	1.03000
2017-08-11	1.03000
2017-08-10	1.02000
2017-08-09	1.01000
2017-08-08	1.01000
2017-08-07	1.01000
2017-08-04	1.01000
2017-08-03	1.01000
2017-08-02	1.00000
2017-08-01	1.02000
2017-07-31	1.01000
2017-07-28	1.01000
2017-07-27	1.03000
2017-07-26	1.02000
2017-07-25	1.03000
2017-07-24	1.03000
2017-07-21	1.01000
2017-07-20	1.02000
2017-07-19	1.01000
2017-07-18	1.02000
2017-07-17	1.02000
2017-07-14	1.01000
2017-07-13	1.01000
2017-07-12	1.00000
2017-07-11	1.00000
2017-07-10	1.00000
2017-07-07	1.00000
2017-07-06	1.02000
2017-07-05	1.00000
2017-07-03	1.00000
2017-06-30	1.00000
2017-06-29	1.00000
2017-06-28	1.00000
2017-06-27	1.00000
2017-06-26	1.01000
2017-06-23	1.00000
2017-06-22	1.00000
2017-06-21	1.00000
2017-06-20	1.01000
2017-06-19	1.04000
2017-06-16	1.07000
2017-06-15	1.07000
2017-06-14	0.82000
2017-06-13	0.81000
2017-06-12	0.81000
2017-06-09	0.80000
2017-06-08	0.80000
2017-06-07	0.78000
2017-06-06	0.78000
2017-06-05	0.78000
2017-06-02	0.78000
2017-06-01	0.79000
2017-05-31	0.75000
2017-05-30	0.77000
2017-05-26	0.78000
2017-05-25	0.78000
2017-05-24	0.76000
2017-05-23	0.75000
2017-05-22	0.75000
2017-05-19	0.75000
2017-05-18	0.76000
2017-05-17	0.76000
2017-05-16	0.76000
2017-05-15	0.77000
2017-05-12	0.75000
2017-05-11	0.76000
2017-05-10	0.75000
2017-05-09	0.75000
2017-05-08	0.76000
2017-05-05	0.77000
2017-05-04	0.76000
2017-05-03	0.75000
2017-05-02	0.76000
2017-05-01	0.78000
2017-04-28	0.78000
2017-04-27	0.78000
2017-04-26	0.76000
2017-04-25	0.76000
2017-04-24	0.77000
2017-04-21	0.75000
2017-04-20	0.75000
2017-04-19	0.76000
2017-04-18	0.79000
2017-04-17	0.80000
2017-04-13	0.80000
2017-04-12	0.77000
2017-04-11	0.76000
2017-04-10	0.77000
2017-04-07	0.77000
2017-04-06	0.77000
2017-04-05	0.75000
2017-04-04	0.75000
2017-04-03	0.75000
2017-03-31	0.75000
2017-03-30	0.75000
2017-03-29	0.75000
2017-03-28	0.75000
2017-03-27	0.75000
2017-03-24	0.75000
2017-03-23	0.75000
2017-03-22	0.75000
2017-03-21	0.75000
2017-03-20	0.75000
2017-03-17	0.75000
2017-03-16	0.75000
2017-03-15	0.50000
2017-03-14	0.50000
2017-03-13	0.50000
2017-03-10	0.50000
2017-03-09	0.50000
2017-03-08	0.50000
2017-03-07	0.50000
2017-03-06	0.50000
2017-03-03	0.50000
2017-03-02	0.50000
2017-03-01	0.50000
2017-02-28	0.50000
2017-02-27	0.50000
2017-02-24	0.50000
2017-02-23	0.50000
2017-02-22	0.50000
2017-02-21	0.50000
2017-02-17	0.50000
2017-02-16	0.51000
2017-02-15	0.53000
2017-02-14	0.51000
2017-02-13	0.51000
2017-02-10	0.52000
2017-02-09	0.53000
2017-02-08	0.50000
2017-02-07	0.50000
2017-02-06	0.52000
2017-02-03	0.52000
2017-02-02	0.52000
2017-02-01	0.52000
2017-01-31	0.50000
2017-01-30	0.51000
2017-01-27	0.51000
2017-01-26	0.52000
2017-01-25	0.52000
2017-01-24	0.51000
2017-01-23	0.50000
2017-01-20	0.50000
2017-01-19	0.51000
2017-01-18	0.55000
2017-01-17	0.54000
2017-01-13	0.53000
2017-01-12	0.51000
2017-01-11	0.50000
2017-01-10	0.50000
2017-01-09	0.50000
2017-01-06	0.50000
2017-01-05	0.50000
2017-01-04	0.50000
2017-01-03	0.50000
2016-12-30	0.50000
2016-12-29	0.50000
2016-12-28	0.50000
2016-12-27	0.50000
2016-12-23	0.50000
2016-12-22	0.50000
2016-12-21	0.50000
2016-12-20	0.50000
2016-12-19	0.50000
2016-12-16	0.50000
2016-12-15	0.50000
2016-12-14	0.25000
2016-12-13	0.25000
2016-12-12	0.25000
2016-12-09	0.25000
2016-12-08	0.25000
2016-12-07	0.25000
2016-12-06	0.25000
2016-12-05	0.25000
2016-12-02	0.25000
2016-12-01	0.25000
2016-11-30	0.25000
2016-11-29	0.25000
2016-11-28	0.25000
2016-11-25	0.26000
2016-11-23	0.26000
2016-11-22	0.25000
2016-11-21	0.25000
2016-11-18	0.26000
2016-11-17	0.27000
2016-11-16	0.28000
2016-11-15	0.29000
2016-11-14	0.30000
2016-11-10	0.32000
2016-11-09	0.29000
2016-11-08	0.28000
2016-11-07	0.29000
2016-11-04	0.30000
2016-11-03	0.31000
2016-11-02	0.28000
2016-11-01	0.28000
2016-10-31	0.25000
2016-10-28	0.29000
2016-10-27	0.32000
2016-10-26	0.30000
2016-10-25	0.28000
2016-10-24	0.29000
2016-10-21	0.26000
2016-10-20	0.27000
2016-10-19	0.26000
2016-10-18	0.28000
2016-10-17	0.32000
2016-10-14	0.31000
2016-10-13	0.32000
2016-10-12	0.30000
2016-10-11	0.25000
2016-10-07	0.25000
2016-10-06	0.25000
2016-10-05	0.25000
2016-10-04	0.25000
2016-10-03	0.25000
2016-09-30	0.25000
2016-09-29	0.25000
2016-09-28	0.25000
2016-09-27	0.25000
2016-09-26	0.25000
2016-09-23	0.30000
2016-09-22	0.27000
2016-09-21	0.28000
2016-09-20	0.28000
2016-09-19	0.28000
2016-09-16	0.31000
2016-09-15	0.33000
2016-09-14	0.32000
2016-09-13	0.32000
2016-09-12	0.32000
2016-09-09	0.33000
2016-09-08	0.31000
2016-09-07	0.30000
2016-09-06	0.30000
2016-09-02	0.31000
2016-09-01	0.31000
2016-08-31	0.30000
2016-08-30	0.29000
2016-08-29	0.30000
2016-08-26	0.30000
2016-08-25	0.30000
2016-08-24	0.30000
2016-08-23	0.28000
2016-08-22	0.30000
2016-08-19	0.31000
2016-08-18	0.32000
2016-08-17	0.32000
2016-08-16	0.32000
2016-08-15	0.33000
2016-08-12	0.32000
2016-08-11	0.32000
2016-08-10	0.30000
2016-08-09	0.30000
2016-08-08	0.32000
2016-08-05	0.32000
2016-08-04	0.33000
2016-08-03	0.32000
2016-08-02	0.32000
2016-08-01	0.32000
2016-07-29	0.32000
2016-07-28	0.30000
2016-07-27	0.30000
2016-07-26	0.30000
2016-07-25	0.30000
2016-07-22	0.31000
2016-07-21	0.29000
2016-07-20	0.28000
2016-07-19	0.28000
2016-07-18	0.30000
2016-07-15	0.32000
2016-07-14	0.32000
2016-07-13	0.31000
2016-07-12	0.31000
2016-07-11	0.32000
2016-07-08	0.32000
2016-07-07	0.32000
2016-07-06	0.32000
2016-07-05	0.31000
2016-07-01	0.35000
2016-06-30	0.25000
2016-06-29	0.36000
2016-06-28	0.40000
2016-06-27	0.42000
2016-06-24	0.43000
2016-06-23	0.34000
2016-06-22	0.33000
2016-06-21	0.31000
2016-06-20	0.31000
2016-06-17	0.31000
2016-06-16	0.32000
2016-06-15	0.33000
2016-06-14	0.32000
2016-06-13	0.32000
2016-06-10	0.32000
2016-06-09	0.30000
2016-06-08	0.30000
2016-06-07	0.29000
2016-06-06	0.28000
2016-06-03	0.28000
2016-06-02	0.28000
2016-06-01	0.28000
2016-05-31	0.28000
2016-05-27	0.26000
2016-05-26	0.26000
2016-05-25	0.26000
2016-05-24	0.28000
2016-05-23	0.26000
2016-05-20	0.26000
2016-05-19	0.26000
2016-05-18	0.28000
2016-05-17	0.29000
2016-05-16	0.30000
2016-05-13	0.29000
2016-05-12	0.29000
2016-05-11	0.29000
2016-05-10	0.29000
2016-05-09	0.28000
2016-05-06	0.29000
2016-05-05	0.28000
2016-05-04	0.28000
2016-05-03	0.27000
2016-05-02	0.27000
2016-04-29	0.28000
2016-04-28	0.26000
2016-04-27	0.27000
2016-04-26	0.27000
2016-04-25	0.28000
2016-04-22	0.29000
2016-04-21	0.26000
2016-04-20	0.27000
2016-04-19	0.27000
2016-04-18	0.29000
2016-04-15	0.30000
2016-04-14	0.29000
2016-04-13	0.30000
2016-04-12	0.29000
2016-04-11	0.30000
2016-04-08	0.29000
2016-04-07	0.29000
2016-04-06	0.29000
2016-04-05	0.29000
2016-04-04	0.30000
2016-04-01	0.30000
2016-03-31	0.25000
2016-03-30	0.27000
2016-03-29	0.30000
2016-03-28	0.30000
2016-03-24	0.31000
2016-03-23	0.26000
2016-03-22	0.26000
2016-03-21	0.27000
2016-03-18	0.28000
2016-03-17	0.30000
2016-03-16	0.30000
2016-03-15	0.31000
2016-03-14	0.29000
2016-03-11	0.30000
2016-03-10	0.30000
2016-03-09	0.28000
2016-03-08	0.28000
2016-03-07	0.28000
2016-03-04	0.29000
2016-03-03	0.29000
2016-03-02	0.28000
2016-03-01	0.28000
2016-02-29	0.30000
2016-02-26	0.28000
2016-02-25	0.30000
2016-02-24	0.30000
2016-02-23	0.28000
2016-02-22	0.29000
2016-02-19	0.30000
2016-02-18	0.30000
2016-02-17	0.31000
2016-02-16	0.32000
2016-02-12	0.31000
2016-02-11	0.32000
2016-02-10	0.31000
2016-02-09	0.31000
2016-02-08	0.31000
2016-02-05	0.31000
2016-02-04	0.32000
2016-02-03	0.31000
2016-02-02	0.31000
2016-02-01	0.30000
2016-01-29	0.33000
2016-01-28	0.32000
2016-01-27	0.30000
2016-01-26	0.30000
2016-01-25	0.31000
2016-01-22	0.34000
2016-01-21	0.31000
2016-01-20	0.30000
2016-01-19	0.29000
2016-01-15	0.29000
2016-01-14	0.28000
2016-01-13	0.29000
2016-01-12	0.29000
2016-01-11	0.29000
2016-01-08	0.29000
2016-01-07	0.29000
2016-01-06	0.29000
2016-01-05	0.25000
2016-01-04	0.25000
2015-12-31	0.25000
2015-12-30	0.25000
2015-12-29	0.25000
2015-12-28	0.25000
2015-12-24	0.25000
2015-12-23	0.25000
2015-12-22	0.25000
2015-12-21	0.25000
2015-12-18	0.26000
2015-12-17	0.27000
2015-12-16	0.17000
2015-12-15	0.13000
2015-12-14	0.09000
2015-12-11	0.09000
2015-12-10	0.12000
2015-12-09	0.13000
2015-12-08	0.12000
2015-12-07	0.11000
2015-12-04	0.10000
2015-12-03	0.09000
2015-12-02	0.07000
2015-12-01	0.07000
2015-11-30	0.08000
2015-11-27	0.09000
2015-11-25	0.07000
2015-11-24	0.06000
2015-11-23	0.05000
2015-11-20	0.05000
2015-11-19	0.05000
2015-11-18	0.05000
2015-11-17	0.06000
2015-11-16	0.07000
2015-11-13	0.06000
2015-11-12	0.07000
2015-11-10	0.06000
2015-11-09	0.06000
2015-11-06	0.07000
2015-11-05	0.09000
2015-11-04	0.06000
2015-11-03	0.06000
2015-11-02	0.05000
2015-10-30	0.05000
2015-10-29	0.05000
2015-10-28	0.05000
2015-10-27	0.05000
2015-10-26	0.06000
2015-10-23	0.07000
2015-10-22	0.05000
2015-10-21	0.05000
2015-10-20	0.06000
2015-10-19	0.07000
2015-10-16	0.09000
2015-10-15	0.10000
2015-10-14	0.10000
2015-10-13	0.07000
2015-10-09	0.08000
2015-10-08	0.06000
2015-10-07	0.06000
2015-10-06	0.05000
2015-10-05	0.05000
2015-10-02	0.05000
2015-10-01	0.07000
2015-09-30	0.05000
2015-09-29	0.05000
2015-09-28	0.06000
2015-09-25	0.06000
2015-09-24	0.08000
2015-09-23	0.05000
2015-09-22	0.05000
2015-09-21	0.05000
2015-09-18	0.06000
2015-09-17	0.07000
2015-09-16	0.07000
2015-09-15	0.10000
2015-09-14	0.09000
2015-09-11	0.09000
2015-09-10	0.09000
2015-09-09	0.06000
2015-09-08	0.07000
2015-09-04	0.08000
2015-09-03	0.08000
2015-09-02	0.10000
2015-09-01	0.12000
2015-08-31	0.05000
2015-08-28	0.08000
2015-08-27	0.08000
2015-08-26	0.09000
2015-08-25	0.10000
2015-08-24	0.11000
2015-08-21	0.08000
2015-08-20	0.09000
2015-08-19	0.11000
2015-08-18	0.11000
2015-08-17	0.12000
2015-08-14	0.12000
2015-08-13	0.13000
2015-08-12	0.13000
2015-08-11	0.12000
2015-08-10	0.12000
2015-08-07	0.12000
2015-08-06	0.11000
2015-08-05	0.11000
2015-08-04	0.11000
2015-08-03	0.11000
2015-07-31	0.12000
2015-07-30	0.12000
2015-07-29	0.10000
2015-07-28	0.10000
2015-07-27	0.10000
2015-07-24	0.10000
2015-07-23	0.06000
2015-07-22	0.05000
2015-07-21	0.05000
2015-07-20	0.06000
2015-07-17	0.08000
2015-07-16	0.09000
2015-07-15	0.11000
2015-07-14	0.09000
2015-07-13	0.08000
2015-07-10	0.08000
2015-07-09	0.07000
2015-07-08	0.05000
2015-07-07	0.05000
2015-07-06	0.05000
2015-07-02	0.05000
2015-07-01	0.06000
2015-06-30	0.05000
2015-06-29	0.07000
2015-06-26	0.08000
2015-06-25	0.07000
2015-06-24	0.05000
2015-06-23	0.05000
2015-06-22	0.05000
2015-06-19	0.05000
2015-06-18	0.05000
2015-06-17	0.06000
2015-06-16	0.07000
2015-06-15	0.09000
2015-06-12	0.08000
2015-06-11	0.08000
2015-06-10	0.07000
2015-06-09	0.07000
2015-06-08	0.08000
2015-06-05	0.08000
2015-06-04	0.08000
2015-06-03	0.08000
2015-06-02	0.06000
2015-06-01	0.07000
2015-05-29	0.05000
2015-05-28	0.05000
2015-05-27	0.05000
2015-05-26	0.05000
2015-05-22	0.06000
2015-05-21	0.05000
2015-05-20	0.05000
2015-05-19	0.05000
2015-05-18	0.05000
2015-05-15	0.08000
2015-05-14	0.07000
2015-05-13	0.07000
2015-05-12	0.07000
2015-05-11	0.05000
2015-05-08	0.05000
2015-05-07	0.05000
2015-05-06	0.06000
2015-05-05	0.06000
2015-05-04	0.06000
2015-05-01	0.09000
2015-04-30	0.07000
2015-04-29	0.05000
2015-04-28	0.06000
2015-04-27	0.06000
2015-04-24	0.06000
2015-04-23	0.05000
2015-04-22	0.05000
2015-04-21	0.05000
2015-04-20	0.06000
2015-04-17	0.09000
2015-04-16	0.10000
2015-04-15	0.11000
2015-04-14	0.09000
2015-04-13	0.09000
2015-04-10	0.08000
2015-04-09	0.08000
2015-04-08	0.07000
2015-04-07	0.05000
2015-04-06	0.07000
2015-04-02	0.10000
2015-04-01	0.10000
2015-03-31	0.05000
2015-03-30	0.10000
2015-03-27	0.09000
2015-03-26	0.08000
2015-03-25	0.09000
2015-03-24	0.06000
2015-03-23	0.05000
2015-03-20	0.05000
2015-03-19	0.06000
2015-03-18	0.05000
2015-03-17	0.08000
2015-03-16	0.07000
2015-03-13	0.06000
2015-03-12	0.05000
2015-03-11	0.06000
2015-03-10	0.06000
2015-03-09	0.06000
2015-03-06	0.06000
2015-03-05	0.06000
2015-03-04	0.05000
2015-03-03	0.05000
2015-03-02	0.05000
2015-02-27	0.05000
2015-02-26	0.05000
2015-02-25	0.05000
2015-02-24	0.05000
2015-02-23	0.05000
2015-02-20	0.05000
2015-02-19	0.05000
2015-02-18	0.05000
2015-02-17	0.05000
2015-02-13	0.06000
2015-02-12	0.06000
2015-02-11	0.05000
2015-02-10	0.05000
2015-02-09	0.05000
2015-02-06	0.05000
2015-02-05	0.05000
2015-02-04	0.05000
2015-02-03	0.05000
2015-02-02	0.05000
2015-01-30	0.05000
2015-01-29	0.05000
2015-01-28	0.05000
2015-01-27	0.05000
2015-01-26	0.05000
2015-01-23	0.05000
2015-01-22	0.05000
2015-01-21	0.05000
2015-01-20	0.05000
2015-01-16	0.05000
2015-01-15	0.06000
2015-01-14	0.06000
2015-01-13	0.05000
2015-01-12	0.05000
2015-01-09	0.05000
2015-01-08	0.05000
2015-01-07	0.05000
2015-01-06	0.05000
2015-01-05	0.05000
2015-01-02	0.08000
2014-12-31	0.05000
2014-12-30	0.06000
2014-12-29	0.07000
2014-12-26	0.07000
2014-12-24	0.07000
2014-12-23	0.07000
2014-12-22	0.08000
2014-12-19	0.10000
2014-12-18	0.10000
2014-12-17	0.09000
2014-12-16	0.09000
2014-12-15	0.09000
2014-12-12	0.10000
2014-12-11	0.10000
2014-12-10	0.10000
2014-12-09	0.10000
2014-12-08	0.10000
2014-12-05	0.10000
2014-12-04	0.10000
2014-12-03	0.10000
2014-12-02	0.10000
2014-12-01	0.10000
2014-11-28	0.07000
2014-11-26	0.07000
2014-11-25	0.07000
2014-11-24	0.07000
2014-11-21	0.07000
2014-11-20	0.07000
2014-11-19	0.07000
2014-11-18	0.07000
2014-11-17	0.07000
2014-11-14	0.06000
2014-11-13	0.05000
2014-11-12	0.05000
2014-11-10	0.04000
2014-11-07	0.04000
2014-11-06	0.04000
2014-11-05	0.03000
2014-11-04	0.03000
2014-11-03	0.03000
2014-10-31	0.05000
2014-10-30	0.05000
2014-10-29	0.05000
2014-10-28	0.05000
2014-10-27	0.06000
2014-10-24	0.07000
2014-10-23	0.05000
2014-10-22	0.05000
2014-10-21	0.06000
2014-10-20	0.05000
2014-10-17	0.07000
2014-10-16	0.08000
2014-10-15	0.06000
2014-10-14	0.05000
2014-10-10	0.05000
2014-10-09	0.05000
2014-10-08	0.05000
2014-10-07	0.05000
2014-10-06	0.05000
2014-10-03	0.05000
2014-10-02	0.05000
2014-10-01	0.05000
2014-09-30	0.00000
2014-09-29	0.05000
2014-09-26	0.05000
2014-09-25	0.05000
2014-09-24	0.05000
2014-09-23	0.05000
2014-09-22	0.05000
2014-09-19	0.05000
2014-09-18	0.05000
2014-09-17	0.05000
2014-09-16	0.05000
2014-09-15	0.05000
2014-09-12	0.05000
2014-09-11	0.05000
2014-09-10	0.05000
2014-09-09	0.05000
2014-09-08	0.05000
2014-09-05	0.05000
2014-09-04	0.05000
2014-09-03	0.05000
2014-09-02	0.05000
2014-08-29	0.05000
2014-08-28	0.05000
2014-08-27	0.05000
2014-08-26	0.05000
2014-08-25	0.05000
2014-08-22	0.05000
2014-08-21	0.05000
2014-08-20	0.05000
2014-08-19	0.05000
2014-08-18	0.05000
2014-08-15	0.05000
2014-08-14	0.05000
2014-08-13	0.05000
2014-08-12	0.05000
2014-08-11	0.05000
2014-08-08	0.05000
2014-08-07	0.05000
2014-08-06	0.05000
2014-08-05	0.05000
2014-08-04	0.05000
2014-08-01	0.06000
2014-07-31	0.05000
2014-07-30	0.05000
2014-07-29	0.05000
2014-07-28	0.05000
2014-07-25	0.05000
2014-07-24	0.05000
2014-07-23	0.05000
2014-07-22	0.05000
2014-07-21	0.05000
2014-07-18	0.05000
2014-07-17	0.05000
2014-07-16	0.05000
2014-07-15	0.06000
2014-07-14	0.05000
2014-07-11	0.05000
2014-07-10	0.05000
2014-07-09	0.05000
2014-07-08	0.05000
2014-07-07	0.05000
2014-07-03	0.05000
2014-07-02	0.05000
2014-07-01	0.05000
2014-06-30	0.05000
2014-06-27	0.05000
2014-06-26	0.05000
2014-06-25	0.06000
2014-06-24	0.05000
2014-06-23	0.05000
2014-06-20	0.05000
2014-06-19	0.05000
2014-06-18	0.06000
2014-06-17	0.07000
2014-06-16	0.09000
2014-06-13	0.07000
2014-06-12	0.07000
2014-06-11	0.06000
2014-06-10	0.06000
2014-06-09	0.06000
2014-06-06	0.06000
2014-06-05	0.06000
2014-06-04	0.05000
2014-06-03	0.06000
2014-06-02	0.06000
2014-05-30	0.05000
2014-05-29	0.05000
2014-05-28	0.05000
2014-05-27	0.05000
2014-05-23	0.05000
2014-05-22	0.05000
2014-05-21	0.05000
2014-05-20	0.05000
2014-05-19	0.05000
2014-05-16	0.05000
2014-05-15	0.05000
2014-05-14	0.05000
2014-05-13	0.05000
2014-05-12	0.05000
2014-05-09	0.05000
2014-05-08	0.05000
2014-05-07	0.05000
2014-05-06	0.05000
2014-05-05	0.05000
2014-05-02	0.05000
2014-05-01	0.05000
2014-04-30	0.05000
2014-04-29	0.05000
2014-04-28	0.05000
2014-04-25	0.05000
2014-04-24	0.04000
2014-04-23	0.05000
2014-04-22	0.05000
2014-04-21	0.05000
2014-04-17	0.05000
2014-04-16	0.05000
2014-04-15	0.05000
2014-04-14	0.05000
2014-04-11	0.05000
2014-04-10	0.05000
2014-04-09	0.05000
2014-04-08	0.05000
2014-04-07	0.05000
2014-04-04	0.05000
2014-04-03	0.05000
2014-04-02	0.05000
2014-04-01	0.05000
2014-03-31	0.05000
2014-03-28	0.05000
2014-03-27	0.05000
2014-03-26	0.05000
2014-03-25	0.05000
2014-03-24	0.05000
2014-03-21	0.05000
2014-03-20	0.05000
2014-03-19	0.05000
2014-03-18	0.06000
2014-03-17	0.06000
2014-03-14	0.05000
2014-03-13	0.05000
2014-03-12	0.05000
2014-03-11	0.05000
2014-03-10	0.06000
2014-03-07	0.06000
2014-03-06	0.06000
2014-03-05	0.05000
2014-03-04	0.05000
2014-03-03	0.05000
2014-02-28	0.05000
2014-02-27	0.04000
2014-02-26	0.04000
2014-02-25	0.03000
2014-02-24	0.03000
2014-02-21	0.03000
2014-02-20	0.04000
2014-02-19	0.04000
2014-02-18	0.03000
2014-02-14	0.02000
2014-02-13	0.02000
2014-02-12	0.02000
2014-02-11	0.03000
2014-02-10	0.02000
2014-02-07	0.02000
2014-02-06	0.02000
2014-02-05	0.02000
2014-02-04	0.02000
2014-02-03	0.02000
2014-01-31	0.03000
2014-01-30	0.02000
2014-01-29	0.01000
2014-01-28	0.01000
2014-01-27	0.02000
2014-01-24	0.01000
2014-01-23	0.02000
2014-01-22	0.02000
2014-01-21	0.02000
2014-01-17	0.02000
2014-01-16	0.02000
2014-01-15	0.02000
2014-01-14	0.02000
2014-01-13	0.02000
2014-01-10	0.02000
2014-01-09	0.02000
2014-01-08	0.02000
2014-01-07	0.02000
2014-01-06	0.02000
2014-01-03	0.04000
2014-01-02	0.02000
2013-12-31	0.03000
2013-12-30	0.02000
2013-12-27	0.02000
2013-12-26	0.03000
2013-12-24	0.03000
2013-12-23	0.03000
2013-12-20	0.04000
2013-12-19	0.05000
2013-12-18	0.05000
2013-12-17	0.05000
2013-12-16	0.06000
2013-12-13	0.03000
2013-12-12	0.03000
2013-12-11	0.04000
2013-12-10	0.05000
2013-12-09	0.05000
2013-12-06	0.05000
2013-12-05	0.05000
2013-12-04	0.05000
2013-12-03	0.06000
2013-12-02	0.08000
2013-11-29	0.07000
2013-11-27	0.06000
2013-11-26	0.06000
2013-11-25	0.06000
2013-11-22	0.05000
2013-11-21	0.05000
2013-11-20	0.05000
2013-11-19	0.05000
2013-11-18	0.06000
2013-11-15	0.08000
2013-11-14	0.06000
2013-11-13	0.05000
2013-11-12	0.05000
2013-11-08	0.05000
2013-11-07	0.05000
2013-11-06	0.03000
2013-11-05	0.03000
2013-11-04	0.04000
2013-11-01	0.06000
2013-10-31	0.09000
2013-10-30	0.04000
2013-10-29	0.05000
2013-10-28	0.05000
2013-10-25	0.04000
2013-10-24	0.03000
2013-10-23	0.01000
2013-10-22	0.02000
2013-10-21	0.03000
2013-10-18	0.12000
2013-10-17	0.13000
2013-10-16	0.17000
2013-10-15	0.15000
2013-10-11	0.12000
2013-10-10	0.18000
2013-10-09	0.08000
2013-10-08	0.04000
2013-10-07	0.04000
2013-10-04	0.05000
2013-10-03	0.03000
2013-10-02	0.03000
2013-10-01	0.03000
2013-09-30	0.05000
2013-09-27	0.02000
2013-09-26	0.02000
2013-09-25	0.02000
2013-09-24	0.01000
2013-09-23	0.02000
2013-09-20	0.02000
2013-09-19	0.01000
2013-09-18	0.02000
2013-09-17	0.03000
2013-09-16	0.04000
2013-09-13	0.04000
2013-09-12	0.03000
2013-09-11	0.02000
2013-09-10	0.02000
2013-09-09	0.02000
2013-09-06	0.03000
2013-09-05	0.03000
2013-09-04	0.04000
2013-09-03	0.05000
2013-08-30	0.04000
2013-08-29	0.02000
2013-08-28	0.01000
2013-08-27	0.01000
2013-08-26	0.01000
2013-08-23	0.01000
2013-08-22	0.01000
2013-08-21	0.01000
2013-08-20	0.01000
2013-08-19	0.02000
2013-08-16	0.02000
2013-08-15	0.05000
2013-08-14	0.02000
2013-08-13	0.03000
2013-08-12	0.03000
2013-08-09	0.02000
2013-08-08	0.02000
2013-08-07	0.03000
2013-08-06	0.05000
2013-08-05	0.04000
2013-08-02	0.04000
2013-08-01	0.02000
2013-07-31	0.06000
2013-07-30	0.01000
2013-07-29	0.01000
2013-07-26	0.01000
2013-07-25	0.02000
2013-07-24	0.01000
2013-07-23	0.01000
2013-07-22	0.01000
2013-07-19	0.01000
2013-07-18	0.01000
2013-07-17	0.01000
2013-07-16	0.01000
2013-07-15	0.05000
2013-07-12	0.01000
2013-07-11	0.01000
2013-07-10	0.01000
2013-07-09	0.01000
2013-07-08	0.03000
2013-07-05	0.06000
2013-07-03	0.05000
2013-07-02	0.03000
2013-07-01	0.07000
2013-06-28	0.10000
2013-06-27	0.01000
2013-06-26	0.01000
2013-06-25	0.02000
2013-06-24	0.04000
2013-06-21	0.02000
2013-06-20	0.02000
2013-06-19	0.03000
2013-06-18	0.07000
2013-06-17	0.07000
2013-06-14	0.03000
2013-06-13	0.02000
2013-06-12	0.02000
2013-06-11	0.02000
2013-06-10	0.03000
2013-06-07	0.04000
2013-06-06	0.04000
2013-06-05	0.03000
2013-06-04	0.09000
2013-06-03	0.08000
2013-05-31	0.06000
2013-05-30	0.01000
2013-05-29	0.01000
2013-05-28	0.02000
2013-05-24	0.03000
2013-05-23	0.02000
2013-05-22	0.01000
2013-05-21	0.01000
2013-05-20	0.02000
2013-05-17	0.03000
2013-05-16	0.04000
2013-05-15	0.08000
2013-05-14	0.04000
2013-05-13	0.06000
2013-05-10	0.07000
2013-05-09	0.05000
2013-05-08	0.06000
2013-05-07	0.07000
2013-05-06	0.10000
2013-05-03	0.12000
2013-05-02	0.14000
2013-05-01	0.14000
2013-04-30	0.14000
2013-04-29	0.06000
2013-04-26	0.07000
2013-04-25	0.08000
2013-04-24	0.05000
2013-04-23	0.05000
2013-04-22	0.10000
2013-04-19	0.12000
2013-04-18	0.12000
2013-04-17	0.14000
2013-04-16	0.14000
2013-04-15	0.14000
2013-04-12	0.15000
2013-04-11	0.17000
2013-04-10	0.14000
2013-04-09	0.14000
2013-04-08	0.13000
2013-04-05	0.14000
2013-04-04	0.12000
2013-04-03	0.09000
2013-04-02	0.15000
2013-04-01	0.18000
2013-03-28	0.15000
2013-03-27	0.07000
2013-03-26	0.09000
2013-03-25	0.13000
2013-03-22	0.11000
2013-03-21	0.11000
2013-03-20	0.14000
2013-03-19	0.10000
2013-03-18	0.11000
2013-03-15	0.17000
2013-03-14	0.09000
2013-03-13	0.07000
2013-03-12	0.11000
2013-03-11	0.14000
2013-03-08	0.15000
2013-03-07	0.15000
2013-03-06	0.15000
2013-03-05	0.12000
2013-03-04	0.15000
2013-03-01	0.16000
2013-02-28	0.16000
2013-02-27	0.06000
2013-02-26	0.06000
2013-02-25	0.11000
2013-02-22	0.15000
2013-02-21	0.16000
2013-02-20	0.14000
2013-02-19	0.11000
2013-02-15	0.16000
2013-02-14	0.11000
2013-02-13	0.10000
2013-02-12	0.06000
2013-02-11	0.05000
2013-02-08	0.11000
2013-02-07	0.06000
2013-02-06	0.05000
2013-02-05	0.05000
2013-02-01	0.11000
2013-01-31	0.13000
2013-01-30	0.05000
2013-01-29	0.02000
2013-01-28	0.07000
2013-01-25	0.13000
2013-01-24	0.11000
2013-01-23	0.04000
2013-01-22	0.05000
2013-01-18	0.07000
2013-01-17	0.09000
2013-01-16	0.12000
2013-01-15	0.17000
2013-01-14	0.12000
2013-01-11	0.09000
2013-01-10	0.07000
2013-01-09	0.09000
2013-01-08	0.10000
2013-01-07	0.11000
2013-01-04	0.14000
2013-01-03	0.15000
2013-01-02	0.20000
2012-12-31	0.17000
2012-12-28	0.16000
2012-12-27	0.16000
2012-12-26	0.18000
2012-12-24	0.19000
2012-12-21	0.18000
2012-12-20	0.17000
2012-12-19	0.17000
2012-12-18	0.19000
2012-12-17	0.19000
2012-12-14	0.18000
2012-12-13	0.17000
2012-12-12	0.18000
2012-12-11	0.20000
2012-12-10	0.17000
2012-12-07	0.22000
2012-12-06	0.23000
2012-12-05	0.21000
2012-12-04	0.21000
2012-12-03	0.20000
2012-11-30	0.22000
2012-11-29	0.17000
2012-11-28	0.16000
2012-11-27	0.16000
2012-11-26	0.21000
2012-11-23	0.20000
2012-11-21	0.18000
2012-11-20	0.16000
2012-11-19	0.15000
2012-11-16	0.17000
2012-11-15	0.21000
2012-11-14	0.21000
2012-11-13	0.19000
2012-11-09	0.20000
2012-11-08	0.19000
2012-11-07	0.15000
2012-11-06	0.17000
2012-11-05	0.18000
2012-11-02	0.22000
2012-11-01	0.25000
2012-10-31	0.28000
2012-10-30	0.30000
2012-10-29	0.30000
2012-10-26	0.18000
2012-10-25	0.22000
2012-10-24	0.17000
2012-10-23	0.14000
2012-10-22	0.16000
2012-10-19	0.20000
2012-10-18	0.21000
2012-10-17	0.21000
2012-10-16	0.23000
2012-10-15	0.23000
2012-10-12	0.22000
2012-10-11	0.21000
2012-10-10	0.20000
2012-10-09	0.21000
2012-10-05	0.22000
2012-10-04	0.22000
2012-10-03	0.22000
2012-10-02	0.23000
2012-10-01	0.23000
2012-09-28	0.19000
2012-09-27	0.18000
2012-09-26	0.21000
2012-09-25	0.22000
2012-09-24	0.20000
2012-09-21	0.20000
2012-09-20	0.19000
2012-09-19	0.19000
2012-09-18	0.20000
2012-09-17	0.20000
2012-09-14	0.23000
2012-09-13	0.22000
2012-09-12	0.21000
2012-09-11	0.20000
2012-09-10	0.19000
2012-09-07	0.20000
2012-09-06	0.21000
2012-09-05	0.18000
2012-09-04	0.18000
2012-08-31	0.18000
2012-08-30	0.15000
2012-08-29	0.12000
2012-08-28	0.14000
2012-08-27	0.16000
2012-08-24	0.17000
2012-08-23	0.15000
2012-08-22	0.12000
2012-08-21	0.13000
2012-08-20	0.13000
2012-08-17	0.13000
2012-08-16	0.15000
2012-08-15	0.18000
2012-08-14	0.13000
2012-08-13	0.15000
2012-08-10	0.16000
2012-08-09	0.17000
2012-08-08	0.16000
2012-08-07	0.13000
2012-08-06	0.15000
2012-08-03	0.16000
2012-08-02	0.17000
2012-08-01	0.16000
 