,gcf_tsy,gcf_mbs
2005-01-03,2.176,2.314
2005-01-04,2.145,2.285
2005-01-05,2.136,2.285
2005-01-06,2.18,2.297
2005-01-07,2.123,2.283
2005-01-10,2.125,2.28
2005-01-11,2.13,2.265
2005-01-12,2.114,2.248
2005-01-13,2.211,2.277
2005-01-14,2.249,2.296
2005-01-17,,
2005-01-18,2.279,2.341
2005-01-19,2.192,2.259
2005-01-20,2.155,2.236
2005-01-21,2.149,2.22
2005-01-24,2.193,2.252
2005-01-25,2.197,2.261
2005-01-26,2.247,2.318
2005-01-27,2.281,2.35
2005-01-28,2.392,2.441
2005-01-31,2.483,2.542
2005-02-01,2.447,3.824
2005-02-02,2.394,2.482
2005-02-03,2.426,2.472
2005-02-04,2.436,2.477
2005-02-07,2.454,2.506
2005-02-08,2.43,2.484
2005-02-09,2.445,2.488
2005-02-10,2.491,2.517
2005-02-11,2.498,2.535
2005-02-14,2.521,2.564
2005-02-15,2.55,2.586
2005-02-16,2.461,2.496
2005-02-17,2.494,2.508
2005-02-18,2.456,2.483
2005-02-21,,
2005-02-22,2.479,2.502
2005-02-23,2.489,2.527
2005-02-24,2.535,2.557
2005-02-25,2.551,2.579
2005-02-28,2.604,2.659
2005-03-01,2.503,2.539
2005-03-02,2.436,2.456
2005-03-03,2.49,2.513
2005-03-04,2.465,2.489
2005-03-07,2.492,2.514
2005-03-08,2.47,2.491
2005-03-09,2.484,2.484
2005-03-10,2.515,2.529
2005-03-11,2.518,2.518
2005-03-14,2.541,2.563
2005-03-15,2.606,2.639
2005-03-16,2.515,2.554
2005-03-17,2.596,2.621
2005-03-18,2.676,2.708
2005-03-21,2.688,2.739
2005-03-22,2.658,2.708
2005-03-23,2.641,2.689
2005-03-24,2.66,2.721
2005-03-25,,
2005-03-28,2.745,2.817
2005-03-29,2.716,2.794
2005-03-30,2.664,2.763
2005-03-31,2.583,2.938
2005-04-01,2.769,2.865
2005-04-04,2.764,2.794
2005-04-05,2.721,2.772
2005-04-06,2.713,2.747
2005-04-07,2.738,2.769
2005-04-08,2.748,2.761
2005-04-11,2.758,2.775
2005-04-12,2.751,2.771
2005-04-13,2.806,2.782
2005-04-14,2.813,2.864
2005-04-15,2.795,2.856
2005-04-18,2.692,2.749
2005-04-19,2.678,2.751
2005-04-20,2.67,2.741
2005-04-21,2.646,2.741
2005-04-22,2.671,2.752
2005-04-25,2.709,2.773
2005-04-26,2.771,2.821
2005-04-27,2.76,2.839
2005-04-28,2.81,2.919
2005-04-29,2.866,2.974
2005-05-02,2.942,2.986
2005-05-03,2.919,2.983
2005-05-04,2.902,2.963
2005-05-05,2.947,2.975
2005-05-06,2.935,2.974
2005-05-09,2.931,2.967
2005-05-10,2.909,2.963
2005-05-11,2.912,2.969
2005-05-12,2.938,3.015
2005-05-13,2.938,3.019
2005-05-16,2.978,3.072
2005-05-17,2.923,3.002
2005-05-18,2.937,3.004
2005-05-19,2.965,3.014
2005-05-20,2.932,3.005
2005-05-23,2.941,3.01
2005-05-24,2.925,3.007
2005-05-25,2.929,3.004
2005-05-26,2.943,3.009
2005-05-27,2.937,3.015
2005-05-30,,
2005-05-31,2.964,3.082
2005-06-01,2.972,3.056
2005-06-02,2.965,3.021
2005-06-03,2.957,3.006
2005-06-06,2.973,3.007
2005-06-07,3.0,3.004
2005-06-08,2.996,3.019
2005-06-09,3.005,3.021
2005-06-10,3.006,3.022
2005-06-13,3.038,3.04
2005-06-14,3.038,3.073
2005-06-15,3.04,3.09
2005-06-16,2.97,3.035
2005-06-17,2.964,3.017
2005-06-20,2.985,3.029
2005-06-21,2.961,3.026
2005-06-22,2.946,3.02
2005-06-23,2.975,3.051
2005-06-24,3.008,3.081
2005-06-27,3.085,3.155
2005-06-28,3.132,3.26
2005-06-29,3.124,3.352
2005-06-30,2.945,3.503
2005-07-01,3.253,3.315
2005-07-04,,
2005-07-05,3.168,3.283
2005-07-06,3.146,3.232
2005-07-07,3.143,3.254
2005-07-08,3.13,3.227
2005-07-11,3.165,3.238
2005-07-12,3.194,3.234
2005-07-13,3.188,3.236
2005-07-14,3.25,3.276
2005-07-15,3.295,3.36
2005-07-18,3.2,3.271
2005-07-19,3.163,3.23
2005-07-20,3.125,3.191
2005-07-21,3.218,3.257
2005-07-22,3.226,3.249
2005-07-25,3.236,3.262
2005-07-26,3.215,3.271
2005-07-27,3.206,3.249
2005-07-28,3.229,3.267
2005-07-29,3.272,3.317
2005-08-01,3.287,3.315
2005-08-02,3.194,3.231
2005-08-03,3.15,3.188
2005-08-04,3.294,3.321
2005-08-05,3.408,3.45
2005-08-08,3.446,3.485
2005-08-09,3.383,3.442
2005-08-10,3.369,3.426
2005-08-11,3.418,3.453
2005-08-12,3.493,3.531
2005-08-15,3.526,3.592
2005-08-16,3.426,3.47
2005-08-17,3.495,3.473
2005-08-18,3.519,3.551
2005-08-19,3.475,3.504
2005-08-22,3.492,3.524
2005-08-23,3.496,3.527
2005-08-24,3.498,3.526
2005-08-25,3.537,3.55
2005-08-26,3.552,3.614
2005-08-29,3.554,3.617
2005-08-30,3.533,3.577
2005-08-31,3.545,3.613
2005-09-01,3.568,3.597
2005-09-02,3.491,3.533
2005-09-05,,
2005-09-06,3.498,3.534
2005-09-07,3.468,3.51
2005-09-08,3.461,3.486
2005-09-09,3.447,3.476
2005-09-12,3.47,3.494
2005-09-13,3.445,3.485
2005-09-14,3.461,3.503
2005-09-15,3.633,3.694
2005-09-16,3.565,3.662
2005-09-19,3.539,3.668
2005-09-20,3.535,3.599
2005-09-21,3.635,3.697
2005-09-22,3.648,3.721
2005-09-23,3.656,3.756
2005-09-26,3.687,3.796
2005-09-27,3.669,3.829
2005-09-28,3.6,3.775
2005-09-29,3.591,3.813
2005-09-30,3.34,3.97
2005-10-03,3.756,3.84
2005-10-04,3.725,3.777
2005-10-05,3.713,3.787
2005-10-06,3.754,3.805
2005-10-07,3.701,3.786
2005-10-10,,
2005-10-11,3.691,3.785
2005-10-12,3.615,3.738
2005-10-13,3.688,3.781
2005-10-14,3.656,3.791
2005-10-17,3.739,3.825
2005-10-18,3.682,3.761
2005-10-19,3.664,3.756
2005-10-20,3.714,3.76
2005-10-21,3.682,3.767
2005-10-24,3.72,3.783
2005-10-25,3.692,3.764
2005-10-26,3.675,3.772
2005-10-27,3.788,3.865
2005-10-28,3.856,3.923
2005-10-31,3.954,4.048
2005-11-01,3.933,4.0
2005-11-02,3.906,3.961
2005-11-03,3.956,3.98
2005-11-04,3.933,3.979
2005-11-07,3.959,3.989
2005-11-08,3.952,3.982
2005-11-09,3.931,3.971
2005-11-10,3.981,4.005
2005-11-11,,
2005-11-14,3.99,4.029
2005-11-15,4.045,4.092
2005-11-16,3.94,3.991
2005-11-17,3.972,4.009
2005-11-18,3.958,3.994
2005-11-21,3.991,4.027
2005-11-22,3.963,4.026
2005-11-23,3.949,4.017
2005-11-24,,
2005-11-25,3.987,4.048
2005-11-28,3.95,4.03
2005-11-29,3.919,4.001
2005-11-30,3.946,4.044
2005-12-01,3.99,4.036
2005-12-02,4.014,4.04
2005-12-05,4.005,4.055
2005-12-06,3.985,4.039
2005-12-07,3.992,4.037
2005-12-08,4.088,4.102
2005-12-09,4.178,4.22
2005-12-12,4.244,4.274
2005-12-13,4.229,4.27
2005-12-14,4.216,4.272
2005-12-15,4.163,4.379
2005-12-16,4.18,4.261
2005-12-19,4.212,4.274
2005-12-20,4.254,4.286
2005-12-21,4.225,4.29
2005-12-22,4.197,4.29
2005-12-23,4.232,4.332
2005-12-26,,
2005-12-27,4.164,4.307
2005-12-28,4.153,4.326
2005-12-29,4.063,4.316
2005-12-30,3.474,4.246
2006-01-02,,
2006-01-03,4.237,4.318
2006-01-04,4.19,4.284
2006-01-05,4.182,4.253
2006-01-06,4.163,4.229
2006-01-09,4.185,4.241
2006-01-10,4.195,4.233
2006-01-11,4.221,4.235
2006-01-12,4.229,4.267
2006-01-13,4.252,4.322
2006-01-16,,
2006-01-17,4.265,4.372
2006-01-18,4.184,4.269
2006-01-19,4.185,4.274
2006-01-20,4.141,4.238
2006-01-23,4.162,4.26
2006-01-24,4.174,4.289
2006-01-25,4.209,4.321
2006-01-26,4.286,4.401
2006-01-27,4.338,4.412
2006-01-30,4.386,4.478
2006-01-31,4.377,4.46
2006-02-01,4.385,4.459
2006-02-02,4.432,4.494
2006-02-03,4.42,4.482
2006-02-06,4.418,4.5
2006-02-07,4.408,4.487
2006-02-08,4.416,4.48
2006-02-09,4.449,4.5
2006-02-10,4.453,4.504
2006-02-13,4.457,4.515
2006-02-14,4.446,4.498
2006-02-15,4.515,4.571
2006-02-16,4.458,4.494
2006-02-17,4.449,4.489
2006-02-20,,
2006-02-21,4.483,4.508
2006-02-22,4.457,4.515
2006-02-23,4.473,4.497
2006-02-24,4.458,4.49
2006-02-27,4.483,4.508
2006-02-28,4.502,4.58
2006-03-01,4.474,4.503
2006-03-02,4.465,4.502
2006-03-03,4.492,4.507
2006-03-06,4.474,4.501
2006-03-07,4.464,4.5
2006-03-08,4.47,4.497
2006-03-09,4.495,4.508
2006-03-10,4.479,4.502
2006-03-13,4.517,4.521
2006-03-14,4.496,4.529
2006-03-15,4.503,4.563
2006-03-16,4.484,4.507
2006-03-17,4.496,4.514
2006-03-20,4.52,4.53
2006-03-21,4.558,4.59
2006-03-22,4.541,4.592
2006-03-23,4.611,4.618
2006-03-24,4.671,4.688
2006-03-27,4.723,4.756
2006-03-28,4.658,4.748
2006-03-29,4.588,4.714
2006-03-30,4.668,4.734
2006-03-31,4.591,4.912
2006-04-03,4.804,4.824
2006-04-04,4.714,4.764
2006-04-05,4.733,4.751
2006-04-06,4.758,4.779
2006-04-07,4.73,4.75
2006-04-10,4.745,4.774
2006-04-11,4.746,4.773
2006-04-12,4.737,4.755
2006-04-13,4.832,4.825
2006-04-14,,
2006-04-17,4.775,4.853
2006-04-18,4.67,4.743
2006-04-19,4.638,4.718
2006-04-20,4.64,4.716
2006-04-21,4.641,4.704
2006-04-24,4.673,4.743
2006-04-25,4.667,4.729
2006-04-26,4.662,4.729
2006-04-27,4.674,4.768
2006-04-28,4.686,4.778
2006-05-01,4.727,4.783
2006-05-02,4.692,4.764
2006-05-03,4.687,4.755
2006-05-04,4.7,4.765
2006-05-05,4.71,4.771
2006-05-08,4.754,4.809
2006-05-09,4.732,4.804
2006-05-10,4.702,4.784
2006-05-11,4.872,4.935
2006-05-12,4.916,4.959
2006-05-15,4.877,5.04
2006-05-16,4.775,4.942
2006-05-17,4.767,4.948
2006-05-18,4.851,4.977
2006-05-19,4.879,4.992
2006-05-22,4.871,5.012
2006-05-23,4.844,4.995
2006-05-24,4.815,4.972
2006-05-25,4.889,5.0
2006-05-26,4.893,5.005
2006-05-29,,
2006-05-30,4.894,5.026
2006-05-31,4.875,5.056
2006-06-01,4.938,5.027
2006-06-02,4.944,5.025
2006-06-05,4.965,5.014
2006-06-06,4.974,5.008
2006-06-07,4.959,5.0
2006-06-08,4.976,5.003
2006-06-09,4.972,5.004
2006-06-12,4.978,5.011
2006-06-13,4.977,5.01
2006-06-14,4.981,5.019
2006-06-15,4.972,5.047
2006-06-16,4.875,4.994
2006-06-19,4.835,5.002
2006-06-20,4.833,4.95
2006-06-21,4.835,4.932
2006-06-22,4.916,4.994
2006-06-23,4.905,4.99
2006-06-26,4.943,5.027
2006-06-27,4.951,5.027
2006-06-28,4.984,5.058
2006-06-29,5.015,5.114
2006-06-30,4.775,5.387
2006-07-03,5.16,5.311
2006-07-04,,
2006-07-05,5.148,5.243
2006-07-06,5.185,5.266
2006-07-07,5.169,5.254
2006-07-10,5.187,5.258
2006-07-11,5.176,5.251
2006-07-12,5.184,5.25
2006-07-13,5.228,5.274
2006-07-14,5.234,5.286
2006-07-17,5.232,5.344
2006-07-18,5.162,5.261
2006-07-19,5.134,5.246
2006-07-20,5.18,5.247
2006-07-21,5.167,5.231
2006-07-24,5.183,5.245
2006-07-25,5.192,5.236
2006-07-26,5.2,5.232
2006-07-27,5.214,5.243
2006-07-28,5.208,5.253
2006-07-31,5.266,5.287
2006-08-01,5.262,5.288
2006-08-02,5.203,5.241
2006-08-03,5.225,5.244
2006-08-04,5.233,5.261
2006-08-07,5.215,5.258
2006-08-08,5.201,5.249
2006-08-09,5.177,5.378
2006-08-10,5.194,5.23
2006-08-11,5.187,5.228
2006-08-14,5.204,5.251
2006-08-15,5.247,5.306
2006-08-16,5.209,5.24
2006-08-17,5.221,5.242
2006-08-18,5.17,5.218
2006-08-21,5.211,5.24
2006-08-22,5.211,5.245
2006-08-23,5.214,5.235
2006-08-24,5.224,5.246
2006-08-25,5.212,5.251
2006-08-28,5.21,5.253
2006-08-29,5.222,5.246
2006-08-30,5.19,5.242
2006-08-31,5.232,5.284
2006-09-01,5.234,5.264
2006-09-04,,
2006-09-05,5.256,5.264
2006-09-06,5.241,5.259
2006-09-07,5.236,5.253
2006-09-08,5.228,5.24
2006-09-11,5.236,5.249
2006-09-12,5.229,5.249
2006-09-13,5.224,5.242
2006-09-14,5.265,5.267
2006-09-15,5.235,5.271
2006-09-18,5.224,5.249
2006-09-19,5.232,5.258
2006-09-20,5.217,5.252
2006-09-21,5.23,5.241
2006-09-22,5.229,5.246
2006-09-25,5.248,5.259
2006-09-26,5.274,5.279
2006-09-27,5.28,5.301
2006-09-28,5.369,5.3
2006-09-29,5.171,5.408
2006-10-02,5.313,5.33
2006-10-03,5.261,5.291
2006-10-04,5.243,5.281
2006-10-05,5.253,5.284
2006-10-06,5.238,5.269
2006-10-09,,
2006-10-10,5.245,5.279
2006-10-11,5.24,5.285
2006-10-12,5.265,5.281
2006-10-13,5.266,5.295
2006-10-16,5.29,5.334
2006-10-17,5.235,5.281
2006-10-18,5.222,5.263
2006-10-19,5.246,5.265
2006-10-20,5.239,5.264
2006-10-23,5.243,5.273
2006-10-24,5.228,5.254
2006-10-25,5.219,5.248
2006-10-26,5.256,5.276
2006-10-27,5.238,5.267
2006-10-30,5.268,5.275
2006-10-31,5.333,5.325
2006-11-01,5.285,5.307
2006-11-02,5.279,5.301
2006-11-03,5.255,5.275
2006-11-06,5.262,5.291
2006-11-07,5.25,5.277
2006-11-08,5.228,5.257
2006-11-09,5.245,5.26
2006-11-10,5.236,5.257
2006-11-13,5.24,5.26
2006-11-14,5.262,5.266
2006-11-15,5.281,5.315
2006-11-16,5.249,5.262
2006-11-17,5.237,5.252
2006-11-20,5.236,5.253
2006-11-21,5.218,5.25
2006-11-22,5.223,5.265
2006-11-23,,
2006-11-24,5.265,5.281
2006-11-27,5.252,5.27
2006-11-28,5.252,5.27
2006-11-29,5.248,5.274
2006-11-30,5.305,5.334
2006-12-01,5.31,5.314
2006-12-04,5.296,5.296
2006-12-05,5.283,5.299
2006-12-06,5.244,5.282
2006-12-07,5.258,5.279
2006-12-08,5.252,5.273
2006-12-11,5.248,5.272
2006-12-12,5.242,5.266
2006-12-13,5.248,5.264
2006-12-14,5.278,5.291
2006-12-15,5.296,5.33
2006-12-18,5.235,5.264
2006-12-19,5.225,5.255
2006-12-20,5.221,5.256
2006-12-21,5.239,5.262
2006-12-22,5.246,5.289
2006-12-25,,
2006-12-26,5.24,5.296
2006-12-27,5.244,5.299
2006-12-28,5.171,5.285
2006-12-29,4.881,5.335
2007-01-01,,
2007-01-02,5.255,5.323
2007-01-03,5.234,5.278
2007-01-04,5.218,5.269
2007-01-05,5.21,5.253
2007-01-08,5.194,5.256
2007-01-09,5.197,5.237
2007-01-10,5.206,5.23
2007-01-11,5.219,5.247
2007-01-12,5.236,5.268
2007-01-15,,
2007-01-16,5.269,5.312
2007-01-17,5.226,5.26
2007-01-18,5.223,5.259
2007-01-19,5.199,5.237
2007-01-22,5.214,5.247
2007-01-23,5.185,5.228
2007-01-24,5.195,5.224
2007-01-25,5.225,5.249
2007-01-26,5.226,5.263
2007-01-29,5.21,5.258
2007-01-30,5.179,5.23
2007-01-31,5.212,5.28
2007-02-01,5.205,5.253
2007-02-02,5.21,5.249
2007-02-05,5.194,5.246
2007-02-06,5.204,5.235
2007-02-07,5.202,5.231
2007-02-08,5.243,5.244
2007-02-09,5.231,5.251
2007-02-12,5.235,5.251
2007-02-13,5.256,5.265
2007-02-14,5.252,5.285
2007-02-15,5.288,5.332
2007-02-16,5.23,5.28
2007-02-19,,
2007-02-20,5.255,5.286
2007-02-21,5.223,5.258
2007-02-22,5.224,5.253
2007-02-23,5.206,5.244
2007-02-26,5.23,5.269
2007-02-27,5.247,5.283
2007-02-28,5.267,5.328
2007-03-01,5.29,5.332
2007-03-02,5.273,5.293
2007-03-05,5.239,5.277
2007-03-06,5.232,5.257
2007-03-07,5.223,5.257
2007-03-08,5.249,5.261
2007-03-09,5.234,5.258
2007-03-12,5.234,5.264
2007-03-13,5.247,5.255
2007-03-14,5.259,5.289
2007-03-15,5.311,5.346
2007-03-16,5.236,5.268
2007-03-19,5.236,5.261
2007-03-20,5.235,5.253
2007-03-21,5.219,5.248
2007-03-22,5.231,5.25
2007-03-23,5.227,5.25
2007-03-26,5.234,5.26
2007-03-27,5.231,5.263
2007-03-28,5.249,5.292
2007-03-29,5.272,5.331
2007-03-30,5.232,5.427
2007-04-02,5.324,5.326
2007-04-03,5.274,5.285
2007-04-04,5.242,5.262
2007-04-05,5.256,5.275
2007-04-06,,
2007-04-09,5.291,5.316
2007-04-10,5.266,5.291
2007-04-11,5.228,5.272
2007-04-12,5.238,5.272
2007-04-13,5.245,5.274
2007-04-16,5.249,5.307
2007-04-17,5.209,5.271
2007-04-18,5.168,5.219
2007-04-19,5.146,5.203
2007-04-20,5.155,5.206
2007-04-23,5.19,5.221
2007-04-24,5.177,5.222
2007-04-25,5.161,5.218
2007-04-26,5.133,5.21
2007-04-27,5.115,5.213
2007-04-30,5.103,5.232
2007-05-01,5.053,5.21
2007-05-02,5.121,5.222
2007-05-03,5.139,5.237
2007-05-04,5.1,5.235
2007-05-07,5.127,5.237
2007-05-08,5.117,5.214
2007-05-09,5.103,5.193
2007-05-10,5.104,5.184
2007-05-11,5.124,5.194
2007-05-14,5.144,5.235
2007-05-15,5.165,5.296
2007-05-16,5.135,5.242
2007-05-17,5.145,5.246
2007-05-18,5.15,5.248
2007-05-21,5.158,5.254
2007-05-22,5.131,5.245
2007-05-23,5.116,5.232
2007-05-24,5.139,5.241
2007-05-25,5.15,5.245
2007-05-28,,
2007-05-29,5.139,5.279
2007-05-30,5.107,5.28
2007-05-31,5.073,5.307
2007-06-01,5.102,5.276
2007-06-04,5.138,5.249
2007-06-05,5.146,5.249
2007-06-06,5.143,5.243
2007-06-07,5.164,5.243
2007-06-08,5.175,5.253
2007-06-11,5.175,5.253
2007-06-12,5.186,5.257
2007-06-13,5.202,5.267
2007-06-14,5.219,5.294
2007-06-15,5.108,5.299
2007-06-18,5.058,5.248
2007-06-19,5.006,5.231
2007-06-20,4.943,5.23
2007-06-21,5.028,5.247
2007-06-22,5.041,5.242
2007-06-25,5.028,5.251
2007-06-26,5.096,5.302
2007-06-27,5.121,5.323
2007-06-28,5.01,5.336
2007-06-29,4.477,5.392
2007-07-02,5.083,5.296
2007-07-03,5.071,5.26
2007-07-04,,
2007-07-05,5.083,5.245
2007-07-06,5.093,5.235
2007-07-09,5.104,5.229
2007-07-10,5.112,5.22
2007-07-11,5.12,5.216
2007-07-12,5.146,5.225
2007-07-13,5.162,5.249
2007-07-16,5.202,5.312
2007-07-17,5.145,5.257
2007-07-18,5.126,5.254
2007-07-19,5.137,5.253
2007-07-20,5.142,5.247
2007-07-23,5.158,5.253
2007-07-24,5.162,5.246
2007-07-25,5.146,5.247
2007-07-26,5.197,5.292
2007-07-27,5.187,5.287
2007-07-30,5.174,5.317
2007-07-31,5.122,5.304
2007-08-01,5.148,5.275
2007-08-02,5.185,5.276
2007-08-03,5.201,5.263
2007-08-06,5.196,5.266
2007-08-07,5.188,5.273
2007-08-08,5.18,5.289
2007-08-09,5.273,5.424
2007-08-10,5.249,5.642
2007-08-13,5.068,5.245
2007-08-14,4.983,5.171
2007-08-15,4.446,4.67
2007-08-16,4.485,4.976
2007-08-17,4.572,5.235
2007-08-20,4.262,5.241
2007-08-21,2.458,4.978
2007-08-22,2.568,5.041
2007-08-23,3.12,4.965
2007-08-24,4.656,5.011
2007-08-27,5.118,5.219
2007-08-28,5.261,5.335
2007-08-29,5.353,5.482
2007-08-30,5.19,5.384
2007-08-31,5.124,5.365
2007-09-03,,
2007-09-04,5.234,5.364
2007-09-05,5.211,5.32
2007-09-06,5.163,5.292
2007-09-07,5.092,5.215
2007-09-10,4.961,5.085
2007-09-11,4.925,5.031
2007-09-12,4.872,4.987
2007-09-13,4.905,5.004
2007-09-14,5.035,5.088
2007-09-17,5.216,5.399
2007-09-18,5.048,5.2
2007-09-19,4.657,4.82
2007-09-20,4.584,4.757
2007-09-21,4.629,4.75
2007-09-24,4.632,4.759
2007-09-25,4.631,4.773
2007-09-26,4.645,4.801
2007-09-27,4.733,5.084
2007-09-28,4.013,5.157
2007-10-01,4.764,4.921
2007-10-02,4.829,4.982
2007-10-03,4.746,4.844
2007-10-04,4.723,4.785
2007-10-05,4.706,4.786
2007-10-08,,
2007-10-09,4.741,4.837
2007-10-10,4.793,4.879
2007-10-11,4.764,4.844
2007-10-12,4.753,4.835
2007-10-15,4.803,4.92
2007-10-16,4.72,4.841
2007-10-17,4.575,4.836
2007-10-18,4.143,4.78
2007-10-19,4.599,4.802
2007-10-22,4.66,4.828
2007-10-23,4.662,4.819
2007-10-24,4.556,4.785
2007-10-25,4.57,4.758
2007-10-26,4.718,4.846
2007-10-29,4.746,4.873
2007-10-30,4.746,4.956
2007-10-31,4.497,4.914
2007-11-01,4.487,4.658
2007-11-02,4.507,4.637
2007-11-05,4.477,4.603
2007-11-06,4.377,4.517
2007-11-07,4.227,4.471
2007-11-08,4.305,4.507
2007-11-09,4.063,4.437
2007-11-12,,
2007-11-13,4.256,4.651
2007-11-14,4.293,4.771
2007-11-15,4.407,4.854
2007-11-16,4.291,4.615
2007-11-19,4.326,4.606
2007-11-20,4.287,4.625
2007-11-21,4.216,4.618
2007-11-22,,
2007-11-23,4.221,4.632
2007-11-26,4.211,4.709
2007-11-27,4.124,4.707
2007-11-28,3.81,4.646
2007-11-29,3.285,4.592
2007-11-30,3.394,4.68
2007-12-03,4.365,4.711
2007-12-04,4.55,4.69
2007-12-05,4.509,4.675
2007-12-06,4.432,4.621
2007-12-07,4.347,4.485
2007-12-10,4.278,4.48
2007-12-11,4.169,4.302
2007-12-12,4.239,4.313
2007-12-13,4.181,4.291
2007-12-14,4.228,4.365
2007-12-17,3.875,4.446
2007-12-18,3.525,4.361
2007-12-19,3.352,4.301
2007-12-20,3.338,4.23
2007-12-21,3.844,4.277
2007-12-24,4.233,4.496
2007-12-25,,
2007-12-26,4.208,4.449
2007-12-27,4.112,4.491
2007-12-28,3.689,4.442
2007-12-31,1.613,5.255
2008-01-01,,
2008-01-02,4.099,4.443
2008-01-03,4.054,4.337
2008-01-04,4.01,4.254
2008-01-07,4.003,4.258
2008-01-08,4.077,4.268
2008-01-09,4.115,4.293
2008-01-10,4.184,4.346
2008-01-11,4.119,4.345
2008-01-14,4.097,4.35
2008-01-15,4.091,4.454
2008-01-16,3.872,4.346
2008-01-17,3.774,4.32
2008-01-18,3.583,4.218
2008-01-21,,
2008-01-22,2.075,3.795
2008-01-23,1.802,3.518
2008-01-24,2.381,3.566
2008-01-25,2.621,3.541
2008-01-28,2.326,3.565
2008-01-29,2.418,3.567
2008-01-30,2.128,3.314
2008-01-31,1.999,3.106
2008-02-01,2.267,3.187
2008-02-04,2.712,3.354
2008-02-05,2.624,3.207
2008-02-06,2.256,3.007
2008-02-07,2.522,3.043
2008-02-08,2.716,3.066
2008-02-11,2.864,3.107
2008-02-12,2.865,3.113
2008-02-13,2.845,3.13
2008-02-14,3.015,3.221
2008-02-15,3.068,3.29
2008-02-18,,
2008-02-19,2.947,3.201
2008-02-20,2.729,3.023
2008-02-21,2.835,3.016
2008-02-22,2.802,3.003
2008-02-25,2.664,3.008
2008-02-26,2.421,2.988
2008-02-27,2.221,2.981
2008-02-28,1.994,3.029
2008-02-29,1.933,3.231
2008-03-03,2.922,3.239
2008-03-04,2.882,3.147
2008-03-05,2.696,3.028
2008-03-06,2.528,3.014
2008-03-07,2.565,3.007
2008-03-10,2.734,3.036
2008-03-11,2.593,3.004
2008-03-12,2.355,2.942
2008-03-13,2.626,2.909
2008-03-14,2.797,3.112
2008-03-17,1.747,3.363
2008-03-18,1.007,2.91
2008-03-19,0.382,2.282
2008-03-20,0.625,2.333
2008-03-21,,
2008-03-24,0.75,2.29
2008-03-25,0.979,2.342
2008-03-26,0.622,2.149
2008-03-27,1.125,2.017
2008-03-28,2.365,2.595
2008-03-31,1.773,3.126
2008-04-01,2.609,2.764
2008-04-02,2.434,2.589
2008-04-03,2.456,2.523
2008-04-04,2.296,2.31
2008-04-07,2.272,2.336
2008-04-08,2.186,2.227
2008-04-09,2.07,2.131
2008-04-10,2.256,2.315
2008-04-11,2.292,2.303
2008-04-14,2.266,2.273
2008-04-15,2.217,2.326
2008-04-16,2.21,2.229
2008-04-17,2.195,2.215
2008-04-18,2.178,2.251
2008-04-21,2.158,2.187
2008-04-22,2.03,2.109
2008-04-23,1.918,1.971
2008-04-24,2.027,2.11
2008-04-25,1.919,1.986
2008-04-28,1.948,1.982
2008-04-29,2.075,2.126
2008-04-30,1.971,2.013
2008-05-01,1.893,1.931
2008-05-02,1.894,1.908
2008-05-05,1.922,1.943
2008-05-06,1.892,1.928
2008-05-07,1.873,1.921
2008-05-08,2.025,2.042
2008-05-09,2.075,2.06
2008-05-12,2.015,2.059
2008-05-13,1.969,2.032
2008-05-14,1.937,1.987
2008-05-15,2.068,2.104
2008-05-16,2.018,2.031
2008-05-19,2.0,2.027
2008-05-20,1.995,2.043
2008-05-21,1.985,2.015
2008-05-22,2.109,2.14
2008-05-23,2.144,2.166
2008-05-26,,
2008-05-27,2.182,2.221
2008-05-28,2.258,2.383
2008-05-29,2.292,2.438
2008-05-30,2.204,2.349
2008-06-02,2.26,2.281
2008-06-03,2.148,2.188
2008-06-04,2.045,2.091
2008-06-05,2.066,2.072
2008-06-06,2.037,2.062
2008-06-09,2.093,2.107
2008-06-10,2.113,2.147
2008-06-11,2.114,2.137
2008-06-12,2.096,2.126
2008-06-13,2.103,2.133
2008-06-16,2.191,2.307
2008-06-17,2.021,2.059
2008-06-18,1.942,1.982
2008-06-19,1.986,1.985
2008-06-20,2.003,2.014
2008-06-23,1.957,2.005
2008-06-24,1.94,2.006
2008-06-25,1.928,2.028
2008-06-26,2.036,2.143
2008-06-27,2.116,2.375
2008-06-30,1.831,2.883
2008-07-01,2.143,2.282
2008-07-02,2.124,2.282
2008-07-03,2.118,2.159
2008-07-04,,
2008-07-07,2.149,2.183
2008-07-08,2.109,2.161
2008-07-09,2.008,2.053
2008-07-10,1.993,2.028
2008-07-11,1.9,1.991
2008-07-14,1.928,2.271
2008-07-15,1.967,2.085
2008-07-16,2.001,2.084
2008-07-17,1.944,2.053
2008-07-18,1.932,2.039
2008-07-21,1.912,2.039
2008-07-22,1.907,2.015
2008-07-23,1.949,2.036
2008-07-24,2.001,2.061
2008-07-25,2.058,2.141
2008-07-28,2.152,2.229
2008-07-29,2.115,2.229
2008-07-30,2.079,2.188
2008-07-31,2.122,2.236
2008-08-01,2.146,2.216
2008-08-04,2.071,2.156
2008-08-05,1.999,2.065
2008-08-06,1.951,2.026
2008-08-07,1.935,2.037
2008-08-08,1.947,2.035
2008-08-11,1.973,2.075
2008-08-12,1.951,2.048
2008-08-13,2.04,2.079
2008-08-14,2.12,2.148
2008-08-15,2.165,2.206
2008-08-18,2.073,2.142
2008-08-19,1.956,2.027
2008-08-20,1.931,1.999
2008-08-21,2.005,2.055
2008-08-22,2.009,2.055
2008-08-25,2.028,2.058
2008-08-26,2.027,2.069
2008-08-27,2.002,2.067
2008-08-28,2.032,2.081
2008-08-29,2.006,2.152
2008-09-01,,
2008-09-02,2.059,2.124
2008-09-03,2.063,2.125
2008-09-04,2.064,2.112
2008-09-05,2.043,2.08
2008-09-08,2.037,2.075
2008-09-09,2.041,2.062
2008-09-10,2.04,2.068
2008-09-11,2.108,2.727
2008-09-12,2.21,2.368
2008-09-15,2.148,4.827
2008-09-16,1.136,2.839
2008-09-17,0.451,2.997
2008-09-18,1.312,2.937
2008-09-19,1.916,2.65
2008-09-22,1.797,2.442
2008-09-23,0.638,2.008
2008-09-24,0.416,1.66
2008-09-25,0.742,1.471
2008-09-26,1.137,1.574
2008-09-29,0.873,1.793
2008-09-30,0.474,2.126
2008-10-01,0.784,1.449
2008-10-02,0.237,0.605
2008-10-03,0.16,0.358
2008-10-06,0.243,0.556
2008-10-07,0.351,1.587
2008-10-08,0.147,1.677
2008-10-09,0.141,1.256
2008-10-10,0.142,0.805
2008-10-13,,
2008-10-14,0.172,0.804
2008-10-15,0.16,0.985
2008-10-16,0.14,0.852
2008-10-17,0.139,0.725
2008-10-20,0.524,0.98
2008-10-21,1.091,1.193
2008-10-22,1.052,1.195
2008-10-23,1.137,1.239
2008-10-24,0.963,1.066
2008-10-27,1.012,1.206
2008-10-28,0.736,0.997
2008-10-29,0.287,0.48
2008-10-30,0.244,0.353
2008-10-31,0.243,0.286
2008-11-03,0.272,0.311
2008-11-04,0.191,0.22
2008-11-05,0.157,0.202
2008-11-06,0.185,0.194
2008-11-07,0.202,0.221
2008-11-10,0.181,0.216
2008-11-11,,
2008-11-12,0.252,0.212
2008-11-13,0.299,0.3
2008-11-14,0.217,0.232
2008-11-17,0.283,0.256
2008-11-18,0.319,0.315
2008-11-19,0.337,0.355
2008-11-20,0.343,0.349
2008-11-21,0.511,0.537
2008-11-24,0.565,0.571
2008-11-25,0.41,0.476
2008-11-26,0.361,0.39
2008-11-27,,
2008-11-28,0.334,0.341
2008-12-01,0.335,0.389
2008-12-02,0.327,0.346
2008-12-03,0.239,0.269
2008-12-04,0.151,0.184
2008-12-05,0.045,0.065
2008-12-08,0.03,0.058
2008-12-09,0.028,0.053
2008-12-10,0.015,0.027
2008-12-11,0.069,0.096
2008-12-12,0.11,0.164
2008-12-15,0.114,0.163
2008-12-16,0.128,0.18
2008-12-17,0.066,0.119
2008-12-18,0.047,0.099
2008-12-19,0.062,0.103
2008-12-22,0.089,0.122
2008-12-23,0.1,0.126
2008-12-24,0.108,0.134
2008-12-25,,
2008-12-26,0.105,0.115
2008-12-29,0.076,0.12
2008-12-30,0.056,0.093
2008-12-31,0.055,0.143
2009-01-01,,
2009-01-02,0.088,0.101
2009-01-05,0.087,0.102
2009-01-06,0.07,0.076
2009-01-07,0.071,0.069
2009-01-08,0.092,0.106
2009-01-09,0.089,0.104
2009-01-12,0.082,0.115
2009-01-13,0.109,0.176
2009-01-14,0.217,0.292
2009-01-15,0.278,0.308
2009-01-16,0.303,0.345
2009-01-19,,
2009-01-20,0.237,0.254
2009-01-21,0.226,0.243
2009-01-22,0.275,0.322
2009-01-23,0.246,0.259
2009-01-26,0.182,0.217
2009-01-27,0.144,0.186
2009-01-28,0.213,0.236
2009-01-29,0.256,0.296
2009-01-30,0.286,0.31
2009-02-02,0.319,0.337
2009-02-03,0.265,0.301
2009-02-04,0.268,0.519
2009-02-05,0.314,0.347
2009-02-06,0.273,0.297
2009-02-09,0.282,0.302
2009-02-10,0.282,0.297
2009-02-11,0.279,0.298
2009-02-12,0.318,0.337
2009-02-13,0.3,0.359
2009-02-16,,
2009-02-17,0.307,0.369
2009-02-18,0.272,0.301
2009-02-19,0.289,0.301
2009-02-20,0.271,0.312
2009-02-23,0.267,0.284
2009-02-24,0.249,0.279
2009-02-25,0.259,0.281
2009-02-26,0.283,0.321
2009-02-27,0.281,0.307
2009-03-02,0.333,0.351
2009-03-03,0.291,0.3
2009-03-04,0.287,0.293
2009-03-05,0.305,0.314
2009-03-06,0.288,0.297
2009-03-09,0.305,0.314
2009-03-10,0.293,0.302
2009-03-11,0.278,0.29
2009-03-12,0.26,0.281
2009-03-13,0.17,0.2
2009-03-16,0.257,0.283
2009-03-17,0.247,0.256
2009-03-18,0.228,0.233
2009-03-19,0.245,0.265
2009-03-20,0.249,0.259
2009-03-23,0.25,0.27
2009-03-24,0.231,0.241
2009-03-25,0.186,0.201
2009-03-26,0.163,0.183
2009-03-27,0.172,0.188
2009-03-30,0.177,0.206
2009-03-31,0.227,0.293
2009-04-01,0.241,0.254
2009-04-02,0.213,0.25
2009-04-03,0.193,0.202
2009-04-06,0.173,0.193
2009-04-07,0.173,0.194
2009-04-08,0.182,0.199
2009-04-09,0.231,0.226
2009-04-10,,
2009-04-13,0.19,0.206
2009-04-14,0.158,0.196
2009-04-15,0.152,0.155
2009-04-16,0.168,0.171
2009-04-17,0.17,0.176
2009-04-20,0.17,0.181
2009-04-21,0.165,0.173
2009-04-22,0.172,0.181
2009-04-23,0.165,0.179
2009-04-24,0.157,0.171
2009-04-27,0.156,0.17
2009-04-28,0.16,0.171
2009-04-29,0.154,0.171
2009-04-30,0.234,0.22
2009-05-01,0.265,0.272
2009-05-04,0.257,0.274
2009-05-05,0.247,0.254
2009-05-06,0.225,0.239
2009-05-07,0.234,0.246
2009-05-08,0.211,0.228
2009-05-11,0.21,0.222
2009-05-12,0.188,0.208
2009-05-13,0.202,0.228
2009-05-14,0.219,0.225
2009-05-15,0.243,0.25
2009-05-18,0.243,0.263
2009-05-19,0.195,0.216
2009-05-20,0.163,0.179
2009-05-21,0.2,0.204
2009-05-22,0.184,0.199
2009-05-25,,
2009-05-26,0.187,0.198
2009-05-27,0.172,0.173
2009-05-28,0.203,0.212
2009-05-29,0.199,0.213
2009-06-01,0.248,0.26
2009-06-02,0.23,0.251
2009-06-03,0.199,0.206
2009-06-04,0.268,0.268
2009-06-05,0.266,0.249
2009-06-08,0.226,0.23
2009-06-09,0.198,0.199
2009-06-10,0.203,0.214
2009-06-11,0.216,0.216
2009-06-12,0.222,0.234
2009-06-15,0.276,0.28
2009-06-16,0.268,0.272
2009-06-17,0.28,0.295
2009-06-18,0.278,0.283
2009-06-19,0.258,0.271
2009-06-22,0.27,0.282
2009-06-23,0.262,0.285
2009-06-24,0.196,0.222
2009-06-25,0.145,0.181
2009-06-26,0.127,0.154
2009-06-29,0.108,0.144
2009-06-30,0.042,0.133
2009-07-01,0.215,0.232
2009-07-02,0.205,0.236
2009-07-03,,
2009-07-06,0.59,0.238
2009-07-07,0.202,0.233
2009-07-08,0.168,0.18
2009-07-09,0.178,0.191
2009-07-10,0.147,0.171
2009-07-13,0.151,0.168
2009-07-14,0.149,0.164
2009-07-15,0.193,0.22
2009-07-16,0.192,0.201
2009-07-17,0.176,0.19
2009-07-20,0.165,0.177
2009-07-21,0.168,0.165
2009-07-22,0.155,0.166
2009-07-23,0.191,0.155
2009-07-24,0.173,0.182
2009-07-27,0.165,0.188
2009-07-28,0.179,0.163
2009-07-29,0.174,0.19
2009-07-30,0.168,0.196
2009-07-31,0.236,0.236
2009-08-03,0.223,0.237
2009-08-04,0.206,0.223
2009-08-05,0.196,0.213
2009-08-06,0.182,0.196
2009-08-07,0.169,0.176
2009-08-10,0.161,0.177
2009-08-11,0.142,0.154
2009-08-12,0.138,0.152
2009-08-13,0.153,0.15
2009-08-14,0.151,0.168
2009-08-17,0.192,0.205
2009-08-18,0.185,0.209
2009-08-19,0.182,0.186
2009-08-20,0.179,0.191
2009-08-21,0.183,0.191
2009-08-24,0.155,0.171
2009-08-25,0.139,0.142
2009-08-26,0.121,0.133
2009-08-27,0.146,0.147
2009-08-28,0.15,0.158
2009-08-31,0.232,0.232
2009-09-01,0.21,0.227
2009-09-02,0.184,0.191
2009-09-03,0.203,0.213
2009-09-04,0.185,0.198
2009-09-07,,
2009-09-08,0.187,0.208
2009-09-09,0.163,0.18
2009-09-10,0.167,0.178
2009-09-11,0.151,0.164
2009-09-14,0.144,0.166
2009-09-15,0.185,0.189
2009-09-16,0.172,0.183
2009-09-17,0.173,0.179
2009-09-18,0.181,0.189
2009-09-21,0.152,0.178
2009-09-22,0.143,0.156
2009-09-23,0.144,0.16
2009-09-24,0.123,0.146
2009-09-25,0.118,0.124
2009-09-28,0.101,0.128
2009-09-29,0.045,0.058
2009-09-30,0.058,0.09
2009-10-01,0.101,0.116
2009-10-02,0.111,0.129
2009-10-05,0.11,0.122
2009-10-06,0.1,0.109
2009-10-07,0.091,0.099
2009-10-08,0.083,0.097
2009-10-09,0.084,0.093
2009-10-12,,
2009-10-13,0.115,0.102
2009-10-14,0.121,0.137
2009-10-15,0.143,0.164
2009-10-16,0.126,0.133
2009-10-19,0.112,0.13
2009-10-20,0.082,0.105
2009-10-21,0.087,0.086
2009-10-22,0.064,0.077
2009-10-23,0.047,0.061
2009-10-26,0.046,0.06
2009-10-27,0.056,0.063
2009-10-28,0.08,0.087
2009-10-29,0.085,0.095
2009-10-30,0.074,0.087
2009-11-02,0.142,0.15
2009-11-03,0.124,0.126
2009-11-04,0.112,0.12
2009-11-05,0.121,0.131
2009-11-06,0.13,0.141
2009-11-09,0.124,0.141
2009-11-10,0.094,0.105
2009-11-11,,
2009-11-12,0.082,0.091
2009-11-13,0.069,0.078
2009-11-16,0.098,0.11
2009-11-17,0.075,0.082
2009-11-18,0.07,0.077
2009-11-19,0.094,0.098
2009-11-20,0.113,0.117
2009-11-23,0.109,0.121
2009-11-24,0.109,0.113
2009-11-25,0.128,0.131
2009-11-26,,
2009-11-27,0.143,0.148
2009-11-30,0.187,0.184
2009-12-01,0.169,0.17
2009-12-02,0.146,0.136
2009-12-03,0.16,0.163
2009-12-04,0.164,0.163
2009-12-07,0.12,0.137
2009-12-08,0.12,0.122
2009-12-09,0.125,0.134
2009-12-10,0.153,0.145
2009-12-11,0.148,0.15
2009-12-14,0.144,0.152
2009-12-15,0.169,0.178
2009-12-16,0.164,0.169
2009-12-17,0.145,0.158
2009-12-18,0.157,0.165
2009-12-21,0.148,0.174
2009-12-22,0.125,0.159
2009-12-23,0.083,0.114
2009-12-24,0.086,0.118
2009-12-25,,
2009-12-28,0.083,0.107
2009-12-29,0.062,0.11
2009-12-30,0.007,0.041
2009-12-31,-0.193,0.005
2010-01-01,,
2010-01-04,0.116,0.129
2010-01-05,0.096,0.105
2010-01-06,0.074,0.078
2010-01-07,0.06,0.071
2010-01-08,0.054,0.064
2010-01-11,0.047,0.057
2010-01-12,0.049,0.053
2010-01-13,0.066,0.064
2010-01-14,0.084,0.083
2010-01-15,0.146,0.145
2010-01-18,,
2010-01-19,0.147,0.154
2010-01-20,0.144,0.146
2010-01-21,0.131,0.141
2010-01-22,0.111,0.121
2010-01-25,0.121,0.129
2010-01-26,0.111,0.117
2010-01-27,0.127,0.133
2010-01-28,0.122,0.133
2010-01-29,0.115,0.128
2010-02-01,0.172,0.178
2010-02-02,0.138,0.145
2010-02-03,0.142,0.142
2010-02-04,0.133,0.139
2010-02-05,0.112,0.117
2010-02-08,0.121,0.125
2010-02-09,0.118,0.125
2010-02-10,0.11,0.114
2010-02-11,0.115,0.12
2010-02-12,0.105,0.12
2010-02-15,,
2010-02-16,0.142,0.154
2010-02-17,0.13,0.14
2010-02-18,0.132,0.142
2010-02-19,0.129,0.138
2010-02-22,0.119,0.124
2010-02-23,0.092,0.099
2010-02-24,0.086,0.082
2010-02-25,0.14,0.142
2010-02-26,0.122,0.133
2010-03-01,0.169,0.169
2010-03-02,0.158,0.156
2010-03-03,0.168,0.169
2010-03-04,0.181,0.179
2010-03-05,0.185,0.184
2010-03-08,0.159,0.159
2010-03-09,0.129,0.136
2010-03-10,0.129,0.14
2010-03-11,0.151,0.161
2010-03-12,0.154,0.163
2010-03-15,0.218,0.232
2010-03-16,0.19,0.196
2010-03-17,0.174,0.177
2010-03-18,0.198,0.209
2010-03-19,0.187,0.202
2010-03-22,0.177,0.195
2010-03-23,0.159,0.167
2010-03-24,0.17,0.18
2010-03-25,0.182,0.191
2010-03-26,0.166,0.182
2010-03-29,0.16,0.177
2010-03-30,0.15,0.169
2010-03-31,0.01,0.121
2010-04-01,0.205,0.21
2010-04-02,,
2010-04-05,0.214,0.216
2010-04-06,0.19,0.195
2010-04-07,0.191,0.196
2010-04-08,0.204,0.211
2010-04-09,0.193,0.2
2010-04-12,0.192,0.2
2010-04-13,0.191,0.196
2010-04-14,0.201,0.203
2010-04-15,0.242,0.236
2010-04-16,0.23,0.244
2010-04-19,0.207,0.207
2010-04-20,0.2,0.205
2010-04-21,0.191,0.201
2010-04-22,0.196,0.204
2010-04-23,0.197,0.206
2010-04-26,0.184,0.192
2010-04-27,0.167,0.173
2010-04-28,0.163,0.171
2010-04-29,0.162,0.169
2010-04-30,0.209,0.214
2010-05-03,0.204,0.207
2010-05-04,0.203,0.203
2010-05-05,0.194,0.201
2010-05-06,0.199,0.204
2010-05-07,0.194,0.202
2010-05-10,0.203,0.208
2010-05-11,0.211,0.21
2010-05-12,0.211,0.216
2010-05-13,0.221,0.226
2010-05-14,0.225,0.233
2010-05-17,0.261,0.256
2010-05-18,0.241,0.249
2010-05-19,0.232,0.238
2010-05-20,0.234,0.242
2010-05-21,0.225,0.23
2010-05-24,0.229,0.232
2010-05-25,0.215,0.222
2010-05-26,0.21,0.215
2010-05-27,0.223,0.227
2010-05-28,0.213,0.216
2010-05-31,,
2010-06-01,0.243,0.244
2010-06-02,0.227,0.232
2010-06-03,0.239,0.241
2010-06-04,0.227,0.238
2010-06-07,0.216,0.231
2010-06-08,0.203,0.21
2010-06-09,0.188,0.193
2010-06-10,0.183,0.183
2010-06-11,0.178,0.18
2010-06-14,0.18,0.184
2010-06-15,0.214,0.224
2010-06-16,0.197,0.204
2010-06-17,0.208,0.215
2010-06-18,0.208,0.219
2010-06-21,0.198,0.211
2010-06-22,0.197,0.205
2010-06-23,0.18,0.186
2010-06-24,0.174,0.182
2010-06-25,0.18,0.193
2010-06-28,0.182,0.193
2010-06-29,0.178,0.188
2010-06-30,0.19,0.339
2010-07-01,0.25,0.268
2010-07-02,0.245,0.265
2010-07-05,,
2010-07-06,0.236,0.254
2010-07-07,0.223,0.238
2010-07-08,0.211,0.221
2010-07-09,0.216,0.227
2010-07-12,0.206,0.22
2010-07-13,0.188,0.199
2010-07-14,0.206,0.208
2010-07-15,0.258,0.263
2010-07-16,0.253,0.263
2010-07-19,0.24,0.249
2010-07-20,0.227,0.236
2010-07-21,0.212,0.221
2010-07-22,0.22,0.227
2010-07-23,0.223,0.23
2010-07-26,0.218,0.229
2010-07-27,0.211,0.224
2010-07-28,0.203,0.215
2010-07-29,0.221,0.218
2010-07-30,0.217,0.229
2010-08-02,0.266,0.274
2010-08-03,0.241,0.251
2010-08-04,0.236,0.24
2010-08-05,0.243,0.243
2010-08-06,0.23,0.244
2010-08-09,0.214,0.238
2010-08-10,0.203,0.215
2010-08-11,0.192,0.203
2010-08-12,0.214,0.217
2010-08-13,0.239,0.24
2010-08-16,0.28,0.286
2010-08-17,0.246,0.26
2010-08-18,0.218,0.233
2010-08-19,0.216,0.227
2010-08-20,0.218,0.229
2010-08-23,0.215,0.229
2010-08-24,0.211,0.227
2010-08-25,0.221,0.229
2010-08-26,0.238,0.251
2010-08-27,0.221,0.232
2010-08-30,0.211,0.228
2010-08-31,0.251,0.257
2010-09-01,0.219,0.227
2010-09-02,0.226,0.234
2010-09-03,0.221,0.23
2010-09-06,,
2010-09-07,0.213,0.229
2010-09-08,0.2,0.214
2010-09-09,0.208,0.216
2010-09-10,0.216,0.228
2010-09-13,0.219,0.229
2010-09-14,0.257,0.253
2010-09-15,0.311,0.324
2010-09-16,0.297,0.314
2010-09-17,0.26,0.26
2010-09-20,0.248,0.259
2010-09-21,0.237,0.248
2010-09-22,0.231,0.246
2010-09-23,0.247,0.257
2010-09-24,0.24,0.253
2010-09-27,0.247,0.255
2010-09-28,0.245,0.268
2010-09-29,0.223,0.246
2010-09-30,0.293,0.55
2010-10-01,0.254,0.274
2010-10-04,0.224,0.232
2010-10-05,0.221,0.23
2010-10-06,0.224,0.231
2010-10-07,0.225,0.233
2010-10-08,0.203,0.211
2010-10-11,,
2010-10-12,0.212,0.213
2010-10-13,0.221,0.231
2010-10-14,0.234,0.245
2010-10-15,0.278,0.289
2010-10-18,0.251,0.261
2010-10-19,0.23,0.247
2010-10-20,0.214,0.226
2010-10-21,0.234,0.248
2010-10-22,0.23,0.249
2010-10-25,0.218,0.232
2010-10-26,0.213,0.228
2010-10-27,0.198,0.211
2010-10-28,0.214,0.221
2010-10-29,0.22,0.23
2010-11-01,0.268,0.281
2010-11-02,0.241,0.257
2010-11-03,0.218,0.23
2010-11-04,0.221,0.23
2010-11-05,0.209,0.226
2010-11-08,0.194,0.208
2010-11-09,0.186,0.188
2010-11-10,0.198,0.199
2010-11-11,,
2010-11-12,0.235,0.234
2010-11-15,0.289,0.305
2010-11-16,0.257,0.264
2010-11-17,0.243,0.252
2010-11-18,0.261,0.266
2010-11-19,0.241,0.256
2010-11-22,0.224,0.238
2010-11-23,0.224,0.237
2010-11-24,0.238,0.241
2010-11-25,,
2010-11-26,0.258,0.266
2010-11-29,0.234,0.251
2010-11-30,0.268,0.275
2010-12-01,0.236,0.245
2010-12-02,0.22,0.233
2010-12-03,0.182,0.2
2010-12-06,0.169,0.173
2010-12-07,0.154,0.161
2010-12-08,0.161,0.17
2010-12-09,0.169,0.172
2010-12-10,0.166,0.175
2010-12-13,0.191,0.193
2010-12-14,0.235,0.241
2010-12-15,0.264,0.301
2010-12-16,0.246,0.245
2010-12-17,0.242,0.259
2010-12-20,0.224,0.228
2010-12-21,0.207,0.234
2010-12-22,0.175,0.2
2010-12-23,0.176,0.199
2010-12-24,,
2010-12-27,0.223,0.295
2010-12-28,0.171,0.187
2010-12-29,0.16,0.181
2010-12-30,0.173,0.192
2010-12-31,0.234,0.412
2011-01-03,0.223,0.227
2011-01-04,0.189,0.561
2011-01-05,0.164,0.167
2011-01-06,0.175,0.18
2011-01-07,0.168,0.181
2011-01-10,0.165,0.18
2011-01-11,0.153,0.165
2011-01-12,0.152,0.16
2011-01-13,0.164,0.18
2011-01-14,0.201,0.207
2011-01-17,,
2011-01-18,0.241,0.258
2011-01-19,0.219,0.233
2011-01-20,0.211,0.237
2011-01-21,0.178,0.205
2011-01-24,0.165,0.196
2011-01-25,0.164,0.211
2011-01-26,0.162,0.206
2011-01-27,0.177,0.222
2011-01-28,0.17,0.206
2011-01-31,0.253,0.251
2011-02-01,0.227,0.24
2011-02-02,0.206,0.221
2011-02-03,0.17,0.189
2011-02-04,0.158,0.177
2011-02-07,0.153,0.175
2011-02-08,0.144,0.161
2011-02-09,0.14,0.147
2011-02-10,0.14,0.157
2011-02-11,0.141,0.155
2011-02-14,0.141,0.193
2011-02-15,0.176,0.233
2011-02-16,0.139,0.193
2011-02-17,0.142,0.189
2011-02-18,0.146,0.194
2011-02-21,,
2011-02-22,0.137,0.173
2011-02-23,0.131,0.169
2011-02-24,0.135,0.166
2011-02-25,0.169,0.191
2011-02-28,0.189,0.23
2011-03-01,0.159,0.175
2011-03-02,0.141,0.157
2011-03-03,0.153,0.17
2011-03-04,0.14,0.159
2011-03-07,0.138,0.158
2011-03-08,0.136,0.156
2011-03-09,0.124,0.149
2011-03-10,0.123,0.148
2011-03-11,0.136,0.157
2011-03-14,0.139,0.175
2011-03-15,0.159,0.195
2011-03-16,0.15,0.179
2011-03-17,0.175,0.201
2011-03-18,0.165,0.208
2011-03-21,0.153,0.188
2011-03-22,0.156,0.187
2011-03-23,0.125,0.16
2011-03-24,0.117,0.157
2011-03-25,0.112,0.163
2011-03-28,0.116,0.167
2011-03-29,0.099,0.154
2011-03-30,0.112,0.157
2011-03-31,0.147,0.254
2011-04-01,0.101,0.14
2011-04-04,0.028,0.052
2011-04-05,0.045,0.057
2011-04-06,0.079,0.096
2011-04-07,0.083,0.109
2011-04-08,0.056,0.082
2011-04-11,0.041,0.072
2011-04-12,0.019,0.048
2011-04-13,0.059,0.076
2011-04-14,0.111,0.145
2011-04-15,0.153,0.196
2011-04-18,0.091,0.125
2011-04-19,0.081,0.123
2011-04-20,0.079,0.115
2011-04-21,0.09,0.121
2011-04-22,,
2011-04-25,0.068,0.127
2011-04-26,0.05,0.1
2011-04-27,0.027,0.061
2011-04-28,0.02,0.051
2011-04-29,0.034,0.061
2011-05-02,0.059,0.091
2011-05-03,0.03,0.058
2011-05-04,0.025,0.049
2011-05-05,0.023,0.044
2011-05-06,0.043,0.06
2011-05-09,0.041,0.065
2011-05-10,0.033,0.069
2011-05-11,0.024,0.057
2011-05-12,0.064,0.101
2011-05-13,0.076,0.122
2011-05-16,0.113,0.146
2011-05-17,0.105,0.129
2011-05-18,0.099,0.14
2011-05-19,0.087,0.133
2011-05-20,0.082,0.122
2011-05-23,0.082,0.132
2011-05-24,0.074,0.123
2011-05-25,0.075,0.111
2011-05-26,0.081,0.116
2011-05-27,0.071,0.114
2011-05-30,,
2011-05-31,0.137,0.166
2011-06-01,0.118,0.156
2011-06-02,0.111,0.137
2011-06-03,0.1,0.13
2011-06-06,0.08,0.12
2011-06-07,0.067,0.094
2011-06-08,0.05,0.08
2011-06-09,0.054,0.087
2011-06-10,0.059,0.089
2011-06-13,0.072,0.111
2011-06-14,0.073,0.114
2011-06-15,0.117,0.182
2011-06-16,0.111,0.163
2011-06-17,0.088,0.156
2011-06-20,0.069,0.096
2011-06-21,0.061,0.119
2011-06-22,0.023,0.072
2011-06-23,0.009,0.05
2011-06-24,0.012,0.065
2011-06-27,0.015,0.071
2011-06-28,0.007,0.143
2011-06-29,-0.005,0.11
2011-06-30,0.003,0.172
2011-07-01,0.033,0.11
2011-07-04,,
2011-07-05,-0.003,0.088
2011-07-06,0.009,0.049
2011-07-07,0.019,0.049
2011-07-08,0.009,0.038
2011-07-11,0.01,0.041
2011-07-12,0.008,0.026
2011-07-13,0.003,0.029
2011-07-14,-0.002,0.044
2011-07-15,0.025,0.058
2011-07-18,0.014,0.048
2011-07-19,0.007,0.047
2011-07-20,0.02,0.051
2011-07-21,0.027,0.075
2011-07-22,0.018,0.062
2011-07-25,0.022,0.066
2011-07-26,0.049,0.102
2011-07-27,0.09,0.164
2011-07-28,0.132,0.18
2011-07-29,0.208,0.317
2011-08-01,0.277,0.394
2011-08-02,0.228,0.306
2011-08-03,0.096,0.141
2011-08-04,0.065,0.092
2011-08-05,0.043,0.05
2011-08-08,0.066,0.128
2011-08-09,0.033,0.074
2011-08-10,0.038,0.061
2011-08-11,0.071,0.12
2011-08-12,0.113,0.169
2011-08-15,0.103,0.183
2011-08-16,0.048,0.086
2011-08-17,0.04,0.082
2011-08-18,0.059,0.081
2011-08-19,0.055,0.103
2011-08-22,0.039,0.065
2011-08-23,0.018,0.038
2011-08-24,0.02,0.035
2011-08-25,0.046,0.063
2011-08-26,0.048,0.085
2011-08-29,0.057,0.084
2011-08-30,0.039,0.056
2011-08-31,0.097,0.13
2011-09-01,0.106,0.127
2011-09-02,0.095,0.121
2011-09-05,,
2011-09-06,0.114,0.148
2011-09-07,0.083,0.111
2011-09-08,0.078,0.1
2011-09-09,0.062,0.087
2011-09-12,0.065,0.095
2011-09-13,0.081,0.143
2011-09-14,0.082,0.141
2011-09-15,0.138,0.206
2011-09-16,0.11,0.185
2011-09-19,0.107,0.144
2011-09-20,0.129,0.165
2011-09-21,0.104,0.134
2011-09-22,0.096,0.114
2011-09-23,0.117,0.155
2011-09-26,0.139,0.191
2011-09-27,0.096,0.131
2011-09-28,0.063,0.09
2011-09-29,0.034,0.065
2011-09-30,0.12,0.226
2011-10-03,0.114,0.163
2011-10-04,0.081,0.115
2011-10-05,0.079,0.103
2011-10-06,0.087,0.105
2011-10-07,0.083,0.103
2011-10-10,,
2011-10-11,0.077,0.095
2011-10-12,0.066,0.084
2011-10-13,0.103,0.146
2011-10-14,0.129,0.169
2011-10-17,0.171,0.229
2011-10-18,0.121,0.169
2011-10-19,0.068,0.094
2011-10-20,0.063,0.084
2011-10-21,0.063,0.07
2011-10-24,0.071,0.108
2011-10-25,0.094,0.122
2011-10-26,0.063,0.095
2011-10-27,0.066,0.095
2011-10-28,0.062,0.086
2011-10-31,0.138,0.175
2011-11-01,0.134,0.16
2011-11-02,0.14,0.183
2011-11-03,0.102,0.148
2011-11-04,0.063,0.091
2011-11-07,0.071,0.091
2011-11-08,0.078,0.089
2011-11-09,0.086,0.094
2011-11-10,0.099,0.119
2011-11-11,,
2011-11-14,0.135,0.153
2011-11-15,0.169,0.211
2011-11-16,0.112,0.149
2011-11-17,0.101,0.124
2011-11-18,0.114,0.141
2011-11-21,0.113,0.151
2011-11-22,0.133,0.186
2011-11-23,0.13,0.19
2011-11-24,,
2011-11-25,0.156,0.245
2011-11-28,0.125,0.209
2011-11-29,0.084,0.143
2011-11-30,0.13,0.181
2011-12-01,0.103,0.154
2011-12-02,0.093,0.148
2011-12-05,0.092,0.141
2011-12-06,0.085,0.14
2011-12-07,0.065,0.108
2011-12-08,0.076,0.095
2011-12-09,0.086,0.105
2011-12-12,0.093,0.138
2011-12-13,0.083,0.131
2011-12-14,0.066,0.117
2011-12-15,0.143,0.158
2011-12-16,0.128,0.155
2011-12-19,0.096,0.12
2011-12-20,0.096,0.103
2011-12-21,0.038,0.074
2011-12-22,0.036,0.06
2011-12-23,0.082,0.115
2011-12-26,,
2011-12-27,0.076,0.117
2011-12-28,0.052,0.071
2011-12-29,0.098,0.095
2011-12-30,-0.001,0.103
2012-01-02,,
2012-01-03,0.127,0.159
2012-01-04,0.065,0.087
2012-01-05,0.068,0.082
2012-01-06,0.083,0.099
2012-01-09,0.081,0.091
2012-01-10,0.071,0.08
2012-01-11,0.082,0.082
2012-01-12,0.13,0.176
2012-01-13,0.173,0.211
2012-01-16,,
2012-01-17,0.218,0.282
2012-01-18,0.186,0.229
2012-01-19,0.19,0.224
2012-01-20,0.188,0.225
2012-01-23,0.147,0.177
2012-01-24,0.127,0.152
2012-01-25,0.117,0.156
2012-01-26,0.117,0.148
2012-01-27,0.116,0.149
2012-01-30,0.131,0.154
2012-01-31,0.241,0.292
2012-02-01,0.2,0.229
2012-02-02,0.183,0.209
2012-02-03,0.162,0.197
2012-02-06,0.132,0.153
2012-02-07,0.116,0.141
2012-02-08,0.108,0.136
2012-02-09,0.164,0.172
2012-02-10,0.182,0.213
2012-02-13,0.169,0.222
2012-02-14,0.139,0.167
2012-02-15,0.162,0.214
2012-02-16,0.131,0.16
2012-02-17,0.102,0.136
2012-02-20,,
2012-02-21,0.084,0.106
2012-02-22,0.084,0.095
2012-02-23,0.131,0.145
2012-02-24,0.158,0.181
2012-02-27,0.171,0.206
2012-02-28,0.131,0.166
2012-02-29,0.191,0.244
2012-03-01,0.2,0.232
2012-03-02,0.191,0.217
2012-03-05,0.186,0.205
2012-03-06,0.18,0.204
2012-03-07,0.163,0.186
2012-03-08,0.204,0.209
2012-03-09,0.2,0.224
2012-03-12,0.2,0.225
2012-03-13,0.187,0.209
2012-03-14,0.186,0.206
2012-03-15,0.258,0.279
2012-03-16,0.228,0.258
2012-03-19,0.205,0.222
2012-03-20,0.188,0.22
2012-03-21,0.155,0.193
2012-03-22,0.152,0.171
2012-03-23,0.192,0.235
2012-03-26,0.214,0.26
2012-03-27,0.177,0.224
2012-03-28,0.16,0.21
2012-03-29,0.157,0.244
2012-03-30,0.128,0.289
2012-04-02,0.224,0.272
2012-04-03,0.209,0.242
2012-04-04,0.227,0.272
2012-04-05,0.259,0.287
2012-04-06,,
2012-04-09,0.231,0.274
2012-04-10,0.207,0.243
2012-04-11,0.193,0.221
2012-04-12,0.212,0.264
2012-04-13,0.191,0.226
2012-04-16,0.226,0.266
2012-04-17,0.188,0.222
2012-04-18,0.167,0.186
2012-04-19,0.127,0.144
2012-04-20,0.117,0.131
2012-04-23,0.118,0.136
2012-04-24,0.179,0.172
2012-04-25,0.188,0.231
2012-04-26,0.157,0.18
2012-04-27,0.149,0.176
2012-04-30,0.238,0.259
2012-05-01,0.21,0.238
2012-05-02,0.182,0.197
2012-05-03,0.196,0.204
2012-05-04,0.2,0.218
2012-05-07,0.197,0.207
2012-05-08,0.19,0.208
2012-05-09,0.183,0.196
2012-05-10,0.198,0.207
2012-05-11,0.2,0.211
2012-05-14,0.242,0.259
2012-05-15,0.253,0.266
2012-05-16,0.223,0.227
2012-05-17,0.233,0.242
2012-05-18,0.209,0.227
2012-05-21,0.202,0.228
2012-05-22,0.184,0.211
2012-05-23,0.149,0.167
2012-05-24,0.193,0.228
2012-05-25,0.206,0.235
2012-05-28,,
2012-05-29,0.179,0.209
2012-05-30,0.174,0.196
2012-05-31,0.274,0.266
2012-06-01,0.244,0.264
2012-06-04,0.235,0.255
2012-06-05,0.217,0.24
2012-06-06,0.185,0.206
2012-06-07,0.191,0.202
2012-06-08,0.214,0.224
2012-06-11,0.218,0.229
2012-06-12,0.239,0.262
2012-06-13,0.261,0.281
2012-06-14,0.26,0.279
2012-06-15,0.275,0.306
2012-06-18,0.223,0.242
2012-06-19,0.173,0.2
2012-06-20,0.168,0.182
2012-06-21,0.203,0.213
2012-06-22,0.256,0.303
2012-06-25,0.226,0.27
2012-06-26,0.177,0.201
2012-06-27,0.187,0.226
2012-06-28,0.22,0.234
2012-06-29,0.278,0.385
2012-07-02,0.297,0.343
2012-07-03,0.261,0.285
2012-07-04,,
2012-07-05,0.25,0.276
2012-07-06,0.224,0.268
2012-07-09,0.185,0.214
2012-07-10,0.194,0.21
2012-07-11,0.199,0.219
2012-07-12,0.226,0.251
2012-07-13,0.207,0.235
2012-07-16,0.237,0.258
2012-07-17,0.204,0.226
2012-07-18,0.143,0.163
2012-07-19,0.12,0.134
2012-07-20,0.146,0.161
2012-07-23,0.14,0.16
2012-07-24,0.208,0.227
2012-07-25,0.205,0.235
2012-07-26,0.182,0.202
2012-07-27,0.172,0.197
2012-07-30,0.157,0.182
2012-07-31,0.238,0.236
2012-08-01,0.211,0.224
2012-08-02,0.225,0.231
2012-08-03,0.208,0.22
2012-08-06,0.19,0.205
2012-08-07,0.187,0.194
2012-08-08,0.209,0.222
2012-08-09,0.224,0.232
2012-08-10,0.192,0.212
2012-08-13,0.171,0.21
2012-08-14,0.17,0.186
2012-08-15,0.218,0.244
2012-08-16,0.199,0.21
2012-08-17,0.175,0.195
2012-08-20,0.169,0.187
2012-08-21,0.162,0.18
2012-08-22,0.165,0.184
2012-08-23,0.204,0.223
2012-08-24,0.213,0.237
2012-08-27,0.192,0.222
2012-08-28,0.162,0.192
2012-08-29,0.151,0.178
2012-08-30,0.19,0.225
2012-08-31,0.263,0.261
2012-09-03,,
2012-09-04,0.25,0.261
2012-09-05,0.246,0.255
2012-09-06,0.27,0.282
2012-09-07,0.257,0.271
2012-09-10,0.254,0.257
2012-09-11,0.263,0.275
2012-09-12,0.261,0.278
2012-09-13,0.289,0.304
2012-09-14,0.304,0.316
2012-09-17,0.263,0.274
2012-09-18,0.25,0.267
2012-09-19,0.249,0.263
2012-09-20,0.25,0.263
2012-09-21,0.249,0.27
2012-09-24,0.26,0.297
2012-09-25,0.264,0.348
2012-09-26,0.247,0.304
2012-09-27,0.236,0.296
2012-09-28,0.338,0.483
2012-10-01,0.306,0.376
2012-10-02,0.3,0.336
2012-10-03,0.28,0.316
2012-10-04,0.281,0.295
2012-10-05,0.277,0.29
2012-10-08,,
2012-10-09,0.264,0.282
2012-10-10,0.262,0.284
2012-10-11,0.278,0.308
2012-10-12,0.276,0.318
2012-10-15,0.297,0.348
2012-10-16,0.273,0.33
2012-10-17,0.262,0.291
2012-10-18,0.263,0.294
2012-10-19,0.239,0.271
2012-10-22,0.208,0.228
2012-10-23,0.192,0.206
2012-10-24,0.237,0.278
2012-10-25,0.261,0.325
2012-10-26,0.221,0.267
2012-10-29,0.526,0.647
2012-10-30,,
2012-10-31,0.4,0.6
2012-11-01,0.301,0.423
2012-11-02,0.25,0.329
2012-11-05,0.226,0.275
2012-11-06,0.209,0.255
2012-11-07,0.195,0.229
2012-11-08,0.247,0.28
2012-11-09,0.249,0.284
2012-11-12,,
2012-11-13,0.246,0.275
2012-11-14,0.252,0.294
2012-11-15,0.26,0.289
2012-11-16,0.224,0.238
2012-11-19,0.194,0.205
2012-11-20,0.208,0.223
2012-11-21,0.229,0.258
2012-11-22,,
2012-11-23,0.288,0.309
2012-11-26,0.247,0.293
2012-11-27,0.209,0.23
2012-11-28,0.191,0.225
2012-11-29,0.212,0.236
2012-11-30,0.275,0.316
2012-12-03,0.257,0.287
2012-12-04,0.264,0.285
2012-12-05,0.266,0.287
2012-12-06,0.281,0.312
2012-12-07,0.26,0.3
2012-12-10,0.229,0.25
2012-12-11,0.251,0.28
2012-12-12,0.224,0.251
2012-12-13,0.23,0.24
2012-12-14,0.255,0.269
2012-12-17,0.262,0.281
2012-12-18,0.238,0.262
2012-12-19,0.23,0.235
2012-12-20,0.233,0.242
2012-12-21,0.223,0.238
2012-12-24,0.256,0.285
2012-12-25,,
2012-12-26,0.222,0.286
2012-12-27,0.216,0.25
2012-12-28,0.221,0.274
2012-12-31,0.29,0.64
2013-01-01,,
2013-01-02,0.231,0.306
2013-01-03,0.184,0.234
2013-01-04,0.172,0.222
2013-01-07,0.153,0.192
2013-01-08,0.141,0.173
2013-01-09,0.123,0.146
2013-01-10,0.131,0.145
2013-01-11,0.148,0.183
2013-01-14,0.178,0.219
2013-01-15,0.193,0.274
2013-01-16,0.148,0.184
2013-01-17,0.118,0.155
2013-01-18,0.099,0.126
2013-01-21,,
2013-01-22,0.08,0.101
2013-01-23,0.085,0.103
2013-01-24,0.172,0.223
2013-01-25,0.154,0.205
2013-01-28,0.082,0.107
2013-01-29,0.051,0.094
2013-01-30,0.092,0.132
2013-01-31,0.195,0.235
2013-02-01,0.148,0.196
2013-02-04,0.117,0.159
2013-02-05,0.081,0.136
2013-02-06,0.077,0.139
2013-02-07,0.115,0.167
2013-02-08,0.134,0.197
2013-02-11,0.094,0.133
2013-02-12,0.097,0.141
2013-02-13,0.141,0.184
2013-02-14,0.171,0.219
2013-02-15,0.2,0.247
2013-02-18,,
2013-02-19,0.158,0.184
2013-02-20,0.188,0.231
2013-02-21,0.194,0.238
2013-02-22,0.193,0.255
2013-02-25,0.144,0.181
2013-02-26,0.107,0.116
2013-02-27,0.121,0.136
2013-02-28,0.239,0.261
2013-03-01,0.219,0.249
2013-03-04,0.198,0.228
2013-03-05,0.168,0.189
2013-03-06,0.189,0.222
2013-03-07,0.198,0.21
2013-03-08,0.199,0.223
2013-03-11,0.174,0.206
2013-03-12,0.143,0.171
2013-03-13,0.111,0.126
2013-03-14,0.169,0.183
2013-03-15,0.211,0.241
2013-03-18,0.162,0.179
2013-03-19,0.161,0.169
2013-03-20,0.16,0.193
2013-03-21,0.143,0.17
2013-03-22,0.165,0.191
2013-03-25,0.155,0.197
2013-03-26,0.12,0.152
2013-03-27,0.143,0.158
2013-03-28,0.268,0.484
2013-03-29,,
2013-04-01,0.244,0.265
2013-04-02,0.179,0.205
2013-04-03,0.138,0.155
2013-04-04,0.193,0.207
2013-04-05,0.191,0.208
2013-04-08,0.18,0.194
2013-04-09,0.192,0.221
2013-04-10,0.202,0.228
2013-04-11,0.216,0.239
2013-04-12,0.201,0.226
2013-04-15,0.194,0.22
2013-04-16,0.196,0.22
2013-04-17,0.18,0.208
2013-04-18,0.165,0.184
2013-04-19,0.152,0.179
2013-04-22,0.113,0.16
2013-04-23,0.072,0.108
2013-04-24,0.115,0.157
2013-04-25,0.114,0.155
2013-04-26,0.098,0.14
2013-04-29,0.102,0.137
2013-04-30,0.213,0.237
2013-05-01,0.194,0.216
2013-05-02,0.188,0.218
2013-05-03,0.153,0.187
2013-05-06,0.131,0.163
2013-05-07,0.107,0.133
2013-05-08,0.101,0.127
2013-05-09,0.102,0.129
2013-05-10,0.104,0.14
2013-05-13,0.085,0.117
2013-05-14,0.077,0.11
2013-05-15,0.112,0.151
2013-05-16,0.075,0.106
2013-05-17,0.062,0.086
2013-05-20,0.05,0.072
2013-05-21,0.022,0.051
2013-05-22,0.018,0.038
2013-05-23,0.041,0.07
2013-05-24,0.06,0.114
2013-05-27,,
2013-05-28,0.036,0.086
2013-05-29,0.016,0.044
2013-05-30,0.022,0.044
2013-05-31,0.123,0.168
2013-06-03,0.111,0.17
2013-06-04,0.119,0.156
2013-06-05,0.072,0.105
2013-06-06,0.086,0.109
2013-06-07,0.068,0.081
2013-06-10,0.057,0.076
2013-06-11,0.053,0.066
2013-06-12,0.055,0.07
2013-06-13,0.055,0.067
2013-06-14,0.079,0.094
2013-06-17,0.118,0.133
2013-06-18,0.106,0.121
2013-06-19,0.068,0.087
2013-06-20,0.053,0.067
2013-06-21,0.055,0.068
2013-06-24,0.071,0.092
2013-06-25,0.035,0.055
2013-06-26,0.027,0.046
2013-06-27,0.07,0.084
2013-06-28,0.142,0.127
2013-07-01,0.113,0.151
2013-07-02,0.089,0.102
2013-07-03,0.096,0.116
2013-07-04,,
2013-07-05,0.106,0.111
2013-07-08,0.057,0.077
2013-07-09,0.039,0.051
2013-07-10,0.036,0.047
2013-07-11,0.036,0.045
2013-07-12,0.052,0.06
2013-07-15,0.073,0.098
2013-07-16,0.024,0.035
2013-07-17,0.025,0.038
2013-07-18,0.032,0.042
2013-07-19,0.033,0.041
2013-07-22,0.028,0.041
2013-07-23,0.02,0.029
2013-07-24,0.047,0.06
2013-07-25,0.046,0.065
2013-07-26,0.035,0.042
2013-07-29,0.04,0.05
2013-07-30,0.043,0.053
2013-07-31,0.096,0.117
2013-08-01,0.075,0.083
2013-08-02,0.09,0.101
2013-08-05,0.098,0.107
2013-08-06,0.082,0.097
2013-08-07,0.059,0.067
2013-08-08,0.063,0.063
2013-08-09,0.061,0.069
2013-08-12,0.063,0.073
2013-08-13,0.058,0.066
2013-08-14,0.046,0.055
2013-08-15,0.084,0.098
2013-08-16,0.052,0.06
2013-08-19,0.042,0.045
2013-08-20,0.029,0.035
2013-08-21,0.017,0.025
2013-08-22,0.022,0.031
2013-08-23,0.042,0.053
2013-08-26,0.035,0.044
2013-08-27,0.023,0.031
2013-08-28,0.03,0.04
2013-08-29,0.059,0.066
2013-08-30,0.07,0.087
2013-09-02,,
2013-09-03,0.101,0.104
2013-09-04,0.08,0.093
2013-09-05,0.075,0.082
2013-09-06,0.074,0.079
2013-09-09,0.059,0.065
2013-09-10,0.051,0.056
2013-09-11,0.062,0.066
2013-09-12,0.07,0.081
2013-09-13,0.073,0.084
2013-09-16,0.085,0.088
2013-09-17,0.071,0.077
2013-09-18,0.054,0.057
2013-09-19,0.052,0.056
2013-09-20,0.051,0.059
2013-09-23,0.05,0.059
2013-09-24,0.049,0.062
2013-09-25,0.061,0.071
2013-09-26,0.053,0.058
2013-09-27,0.043,0.057
2013-09-30,0.101,0.183
2013-10-01,0.072,0.082
2013-10-02,0.071,0.075
2013-10-03,0.078,0.084
2013-10-04,0.089,0.099
2013-10-07,0.077,0.088
2013-10-08,0.088,0.094
2013-10-09,0.14,0.156
2013-10-10,0.23,0.248
2013-10-11,0.176,0.182
2013-10-14,,
2013-10-15,0.219,0.218
2013-10-16,0.255,0.286
2013-10-17,0.187,0.193
2013-10-18,0.135,0.134
2013-10-21,0.064,0.072
2013-10-22,0.042,0.055
2013-10-23,0.045,0.042
2013-10-24,0.086,0.095
2013-10-25,0.108,0.113
2013-10-28,0.101,0.105
2013-10-29,0.098,0.105
2013-10-30,0.08,0.087
2013-10-31,0.13,0.141
2013-11-01,0.092,0.102
2013-11-04,0.077,0.084
2013-11-05,0.069,0.075
2013-11-06,0.065,0.075
2013-11-07,0.111,0.103
2013-11-08,0.097,0.102
2013-11-11,,
2013-11-12,0.09,0.094
2013-11-13,0.083,0.084
2013-11-14,0.127,0.115
2013-11-15,0.138,0.139
2013-11-18,0.098,0.1
2013-11-19,0.09,0.092
2013-11-20,0.08,0.079
2013-11-21,0.097,0.1
2013-11-22,0.104,0.106
2013-11-25,0.101,0.109
2013-11-26,0.094,0.105
2013-11-27,0.099,0.106
2013-11-28,,
2013-11-29,0.11,0.124
2013-12-02,0.132,0.132
2013-12-03,0.102,0.105
2013-12-04,0.083,0.089
2013-12-05,0.09,0.091
2013-12-06,0.085,0.085
2013-12-09,0.076,0.078
2013-12-10,0.066,0.072
2013-12-11,0.047,0.051
2013-12-12,0.05,0.05
2013-12-13,0.06,0.058
2013-12-16,0.103,0.108
2013-12-17,0.092,0.09
2013-12-18,0.087,0.088
2013-12-19,0.079,0.08
2013-12-20,0.062,0.076
2013-12-23,0.046,0.049
2013-12-24,0.045,0.051
2013-12-25,,
2013-12-26,0.045,0.047
2013-12-27,0.032,0.037
2013-12-30,0.017,0.026
2013-12-31,0.01,0.044
2014-01-01,,
2014-01-02,0.051000000000000004,0.047
2014-01-03,0.063,0.078
2014-01-06,0.037000000000000005,0.041
2014-01-07,0.041,0.04
2014-01-08,0.039,0.046
2014-01-09,0.036000000000000004,0.038
2014-01-10,0.036000000000000004,0.033
2014-01-13,0.035,0.038
2014-01-14,0.037000000000000005,0.036000000000000004
2014-01-15,0.038,0.044000000000000004
2014-01-16,0.032,0.036000000000000004
2014-01-17,0.029,0.03
2014-01-20,,
2014-01-21,0.028,0.028
2014-01-22,0.026000000000000002,0.025
2014-01-23,0.023,0.024
2014-01-24,0.029,0.033
2014-01-27,0.025,0.03
2014-01-28,0.021,0.019
2014-01-29,0.022000000000000002,0.022000000000000002
2014-01-30,0.034,0.037000000000000005
2014-01-31,0.053000000000000005,0.054
2014-02-03,0.039,0.04
2014-02-04,0.037000000000000005,0.038
2014-02-05,0.034,0.039
2014-02-06,0.036000000000000004,0.037000000000000005
2014-02-07,0.035,0.037000000000000005
2014-02-10,0.034,0.035
2014-02-11,0.051000000000000004,0.056
2014-02-12,0.039,0.04
2014-02-13,0.038,0.043000000000000003
2014-02-14,0.037000000000000005,0.04
2014-02-17,,
2014-02-18,0.055,0.052000000000000005
2014-02-19,0.049,0.052000000000000005
2014-02-20,0.047,0.052000000000000005
2014-02-21,0.039,0.045000000000000005
2014-02-24,0.04,0.043000000000000003
2014-02-25,0.041,0.049
2014-02-26,0.048,0.059000000000000004
2014-02-27,0.054,0.062
2014-02-28,0.096,0.101
2014-03-03,0.08900000000000001,0.091
2014-03-04,0.08600000000000001,0.094
2014-03-05,0.09,0.10200000000000001
2014-03-06,0.10200000000000001,0.10700000000000001
2014-03-07,0.093,0.10700000000000001
2014-03-10,0.084,0.1
2014-03-11,0.075,0.079
2014-03-12,0.067,0.077
2014-03-13,0.078,0.08700000000000001
2014-03-14,0.07200000000000001,0.08800000000000001
2014-03-17,0.108,0.108
2014-03-18,0.082,0.096
2014-03-19,0.069,0.07300000000000001
2014-03-20,0.07100000000000001,0.084
2014-03-21,0.066,0.078
2014-03-24,0.07300000000000001,0.10200000000000001
2014-03-25,0.068,0.108
2014-03-26,0.058,0.08900000000000001
2014-03-27,0.064,0.085
2014-03-28,0.061000000000000006,0.095
2014-03-31,0.099,0.251
2014-04-01,0.067,0.10200000000000001
2014-04-02,0.069,0.085
2014-04-03,0.07200000000000001,0.081
2014-04-04,0.07,0.083
2014-04-07,0.07,0.08600000000000001
2014-04-08,0.066,0.079
2014-04-09,0.067,0.076
2014-04-10,0.067,0.075
2014-04-11,0.067,0.079
2014-04-14,0.068,0.08
2014-04-15,0.084,0.099
2014-04-16,0.075,0.091
2014-04-17,0.066,0.085
2014-04-18,,
2014-04-21,0.058,0.075
2014-04-22,0.054,0.06
2014-04-23,0.061000000000000006,0.062
2014-04-24,0.059000000000000004,0.07100000000000001
2014-04-25,0.056,0.076
2014-04-28,0.051000000000000004,0.06
2014-04-29,0.05,0.065
2014-04-30,0.062,0.083
2014-05-01,0.057,0.068
2014-05-02,0.06,0.065
2014-05-05,0.058,0.061000000000000006
2014-05-06,0.056,0.061000000000000006
2014-05-07,0.055,0.06
2014-05-08,0.062,0.061000000000000006
2014-05-09,0.057,0.069
2014-05-12,0.055,0.064
2014-05-13,0.054,0.06
2014-05-14,0.054,0.062
2014-05-15,0.062,0.07200000000000001
2014-05-16,0.06,0.065
2014-05-19,0.058,0.061000000000000006
2014-05-20,0.056,0.06
2014-05-21,0.056,0.06
2014-05-22,0.059000000000000004,0.061000000000000006
2014-05-23,0.07100000000000001,0.082
2014-05-26,,
2014-05-27,0.07400000000000001,0.08600000000000001
2014-05-28,0.08,0.083
2014-05-29,0.10500000000000001,0.112
2014-05-30,0.111,0.14
2014-06-02,0.117,0.12200000000000001
2014-06-03,0.10700000000000001,0.127
2014-06-04,0.096,0.11900000000000001
2014-06-05,0.11800000000000001,0.129
2014-06-06,0.10400000000000001,0.12100000000000001
2014-06-09,0.115,0.11800000000000001
2014-06-10,0.113,0.12200000000000001
2014-06-11,0.131,0.129
2014-06-12,0.124,0.14300000000000002
2014-06-13,0.12100000000000001,0.135
2014-06-16,0.134,0.164
2014-06-17,0.115,0.128
2014-06-18,0.10300000000000001,0.116
2014-06-19,0.094,0.101
2014-06-20,0.08700000000000001,0.10200000000000001
2014-06-23,0.083,0.098
2014-06-24,0.115,0.133
2014-06-25,0.124,0.14200000000000002
2014-06-26,0.149,0.149
2014-06-27,0.163,0.197
2014-06-30,0.155,0.259
2014-07-01,0.12300000000000001,0.14400000000000002
2014-07-02,0.08900000000000001,0.10300000000000001
2014-07-03,0.097,0.113
2014-07-04,,
2014-07-07,0.08600000000000001,0.108
2014-07-08,0.078,0.1
2014-07-09,0.078,0.097
2014-07-10,0.08800000000000001,0.112
2014-07-11,0.09,0.115
2014-07-14,0.09,0.108
2014-07-15,0.12100000000000001,0.133
2014-07-16,0.10300000000000001,0.117
2014-07-17,0.10700000000000001,0.117
2014-07-18,0.08900000000000001,0.109
2014-07-21,0.083,0.094
2014-07-22,0.07300000000000001,0.08600000000000001
2014-07-23,0.07400000000000001,0.082
2014-07-24,0.114,0.117
2014-07-25,0.109,0.126
2014-07-28,0.094,0.111
2014-07-29,0.08900000000000001,0.10200000000000001
2014-07-30,0.08800000000000001,0.108
2014-07-31,0.14400000000000002,0.164
2014-08-01,0.114,0.13
2014-08-04,0.093,0.10400000000000001
2014-08-05,0.081,0.091
2014-08-06,0.077,0.08900000000000001
2014-08-07,0.08700000000000001,0.097
2014-08-08,0.077,0.08800000000000001
2014-08-11,0.083,0.08800000000000001
2014-08-12,0.076,0.084
2014-08-13,0.07,0.08
2014-08-14,0.091,0.098
2014-08-15,0.11900000000000001,0.13
2014-08-18,0.10200000000000001,0.116
2014-08-19,0.08,0.08600000000000001
2014-08-20,0.07,0.078
2014-08-21,0.07200000000000001,0.076
2014-08-22,0.091,0.10300000000000001
2014-08-25,0.084,0.096
2014-08-26,0.062,0.081
2014-08-27,0.056,0.069
2014-08-28,0.06,0.068
2014-08-29,0.084,0.093
2014-09-01,,
2014-09-02,0.099,0.10400000000000001
2014-09-03,0.096,0.101
2014-09-04,0.11,0.11900000000000001
2014-09-05,0.093,0.11800000000000001
2014-09-08,0.084,0.094
2014-09-09,0.067,0.082
2014-09-10,0.065,0.077
2014-09-11,0.066,0.077
2014-09-12,0.096,0.081
2014-09-15,0.10400000000000001,0.124
2014-09-16,0.07400000000000001,0.08700000000000001
2014-09-17,0.066,0.08
2014-09-18,0.063,0.066
2014-09-19,0.059000000000000004,0.069
2014-09-22,0.047,0.066
2014-09-23,0.05,0.058
2014-09-24,0.058,0.075
2014-09-25,0.059000000000000004,0.07300000000000001
2014-09-26,0.061000000000000006,0.075
2014-09-29,0.045000000000000005,0.067
2014-09-30,0.018000000000000002,0.068
2014-10-01,0.068,0.079
2014-10-02,0.079,0.085
2014-10-03,0.078,0.101
2014-10-06,0.08600000000000001,0.096
2014-10-07,0.084,0.109
2014-10-08,0.078,0.10200000000000001
2014-10-09,0.098,0.126
2014-10-10,0.10200000000000001,0.132
2014-10-13,,
2014-10-14,0.112,0.14200000000000002
2014-10-15,0.149,0.186
2014-10-16,0.189,0.218
2014-10-17,0.17900000000000002,0.20700000000000002
2014-10-20,0.125,0.14700000000000002
2014-10-21,0.127,0.15
2014-10-22,0.111,0.129
2014-10-23,0.11900000000000001,0.14300000000000002
2014-10-24,0.154,0.17600000000000002
2014-10-27,0.136,0.17600000000000002
2014-10-28,0.108,0.136
2014-10-29,0.113,0.137
2014-10-30,0.139,0.168
2014-10-31,0.198,0.224
2014-11-03,0.149,0.161
2014-11-04,0.12,0.14500000000000002
2014-11-05,0.11,0.14300000000000002
2014-11-06,0.116,0.14800000000000002
2014-11-07,0.11,0.149
2014-11-10,0.12100000000000001,0.153
2014-11-11,,
2014-11-12,0.125,0.168
2014-11-13,0.14200000000000002,0.184
2014-11-14,0.14700000000000002,0.183
2014-11-17,0.168,0.196
2014-11-18,0.129,0.14800000000000002
2014-11-19,0.12300000000000001,0.12100000000000001
2014-11-20,0.129,0.14
2014-11-21,0.111,0.133
2014-11-24,0.135,0.154
2014-11-25,0.128,0.14800000000000002
2014-11-26,0.14100000000000001,0.169
2014-11-27,,
2014-11-28,0.221,0.225
2014-12-01,0.215,0.24100000000000002
2014-12-02,0.196,0.232
2014-12-03,0.17500000000000002,0.201
2014-12-04,0.202,0.216
2014-12-05,0.196,0.225
2014-12-08,0.17300000000000001,0.20800000000000002
2014-12-09,0.158,0.186
2014-12-10,0.158,0.17200000000000001
2014-12-11,0.189,0.20500000000000002
2014-12-12,0.18,0.201
2014-12-15,0.201,0.21200000000000002
2014-12-16,0.187,0.20700000000000002
2014-12-17,0.19,0.195
2014-12-18,0.20400000000000001,0.217
2014-12-19,0.184,0.20700000000000002
2014-12-22,0.165,0.182
2014-12-23,0.137,0.14800000000000002
2014-12-24,0.135,0.189
2014-12-25,,
2014-12-26,0.149,0.18
2014-12-29,0.14600000000000002,0.169
2014-12-30,0.14,0.163
2014-12-31,0.249,0.42900000000000005
2015-01-01,,
2015-01-02,0.174,0.199
2015-01-05,0.135,0.155
2015-01-06,0.115,0.126
2015-01-07,0.127,0.135
2015-01-08,0.135,0.14
2015-01-09,0.131,0.157
2015-01-12,0.136,0.147
2015-01-13,0.142,0.15
2015-01-14,0.153,0.161
2015-01-15,0.181,0.185
2015-01-16,0.159,0.184
2015-01-19,,
2015-01-20,0.126,0.155
2015-01-21,0.107,0.116
2015-01-22,0.094,0.112
2015-01-23,0.113,0.155
2015-01-26,0.103,0.132
2015-01-27,0.103,0.127
2015-01-28,0.077,0.094
2015-01-29,0.095,0.1
2015-01-30,0.143,0.171
2015-02-02,0.165,0.172
2015-02-03,0.154,0.171
2015-02-04,0.143,0.158
2015-02-05,0.191,0.191
2015-02-06,0.185,0.211
2015-02-09,0.178,0.193
2015-02-10,0.158,0.168
2015-02-11,0.146,0.152
2015-02-12,0.163,0.183
2015-02-13,0.149,0.168
2015-02-16,,
2015-02-17,0.145,0.161
2015-02-18,0.125,0.133
2015-02-19,0.095,0.117
2015-02-20,0.08,0.091
2015-02-23,0.059,0.077
2015-02-24,0.063,0.075
2015-02-25,0.063,0.081
2015-02-26,0.101,0.105
2015-02-27,0.153,0.169
2015-03-02,0.155,0.166
2015-03-03,0.158,0.159
2015-03-04,0.17,0.166
2015-03-05,0.172,0.19
2015-03-06,0.171,0.181
2015-03-09,0.17,0.172
2015-03-10,0.149,0.169
2015-03-11,0.143,0.159
2015-03-12,0.168,0.174
2015-03-13,0.183,0.182
2015-03-16,0.229,0.226
2015-03-17,0.229,0.249
2015-03-18,0.175,0.183
2015-03-19,0.148,0.168
2015-03-20,0.128,0.145
2015-03-23,0.126,0.134
2015-03-24,0.193,0.19
2015-03-25,0.207,0.237
2015-03-26,0.207,0.225
2015-03-27,0.206,0.235
2015-03-30,0.217,0.235
2015-03-31,0.45,0.67
2015-04-01,0.237,0.262
2015-04-02,0.25,0.251
2015-04-03,,
2015-04-06,0.217,0.238
2015-04-07,0.214,0.233
2015-04-08,0.21,0.224
2015-04-09,0.233,0.235
2015-04-10,0.228,0.248
2015-04-13,0.224,0.233
2015-04-14,0.226,0.234
2015-04-15,0.256,0.271
2015-04-16,0.246,0.261
2015-04-17,0.219,0.242
2015-04-20,0.156,0.172
2015-04-21,0.123,0.14
2015-04-22,0.103,0.105
2015-04-23,0.1,0.099
2015-04-24,0.152,0.176
2015-04-27,0.16,0.184
2015-04-28,0.132,0.155
2015-04-29,0.136,0.153
2015-04-30,0.262,0.306
2015-05-01,0.212,0.241
2015-05-04,0.155,0.164
2015-05-05,0.151,0.162
2015-05-06,0.133,0.151
2015-05-07,0.126,0.142
2015-05-08,0.137,0.146
2015-05-11,0.148,0.148
2015-05-12,0.175,0.184
2015-05-13,0.179,0.198
2015-05-14,0.172,0.184
2015-05-15,0.184,0.208
2015-05-18,0.109,0.123
2015-05-19,0.088,0.092
2015-05-20,0.078,0.089
2015-05-21,0.116,0.129
2015-05-22,0.146,0.182
2015-05-25,,
2015-05-26,0.146,0.16
2015-05-27,0.108,0.119
2015-05-28,0.133,0.137
2015-05-29,0.214,0.241
2015-06-01,0.197,0.224
2015-06-02,0.183,0.204
2015-06-03,0.209,0.241
2015-06-04,0.203,0.234
2015-06-05,0.19,0.218
2015-06-08,0.177,0.196
2015-06-09,0.172,0.177
2015-06-10,0.18,0.193
2015-06-11,0.195,0.218
2015-06-12,0.202,0.224
2015-06-15,0.222,0.24
2015-06-16,0.206,0.219
2015-06-17,0.174,0.194
2015-06-18,0.152,0.167
2015-06-19,0.115,0.129
2015-06-22,0.096,0.116
2015-06-23,0.083,0.1
2015-06-24,0.179,0.201
2015-06-25,0.189,0.22
2015-06-26,0.217,0.251
2015-06-29,0.182,0.22
2015-06-30,0.423,0.604
2015-07-01,0.188,0.207
2015-07-02,0.182,0.21
2015-07-03,,
2015-07-06,0.177,0.194
2015-07-07,0.185,0.199
2015-07-08,0.195,0.222
2015-07-09,0.204,0.235
2015-07-10,0.216,0.237
2015-07-13,0.211,0.24
2015-07-14,0.212,0.246
2015-07-15,0.241,0.28
2015-07-16,0.218,0.24
2015-07-17,0.175,0.194
2015-07-20,0.151,0.158
2015-07-21,0.12,0.133
2015-07-22,0.111,0.108
2015-07-23,0.152,0.148
2015-07-24,0.228,0.26
2015-07-27,0.232,0.25
2015-07-28,0.227,0.245
2015-07-29,0.231,0.251
2015-07-30,0.273,0.295
2015-07-31,0.316,0.369
2015-08-03,0.258,0.263
2015-08-04,0.248,0.257
2015-08-05,0.255,0.266
2015-08-06,0.264,0.273
2015-08-07,0.273,0.279
2015-08-10,0.261,0.282
2015-08-11,0.259,0.29
2015-08-12,0.282,0.307
2015-08-13,0.27,0.301
2015-08-14,0.26,0.283
2015-08-17,0.274,0.279
2015-08-18,0.244,0.252
2015-08-19,0.227,0.232
2015-08-20,0.205,0.202
2015-08-21,0.177,0.182
2015-08-24,0.24,0.252
2015-08-25,0.213,0.226
2015-08-26,0.188,0.198
2015-08-27,0.178,0.184
2015-08-28,0.194,0.199
2015-08-31,0.286,0.304
2015-09-01,0.266,0.288
2015-09-02,0.228,0.245
2015-09-03,0.188,0.203
2015-09-04,0.165,0.178
2015-09-07,,
2015-09-08,0.146,0.161
2015-09-09,0.152,0.149
2015-09-10,0.209,0.206
2015-09-11,0.198,0.217
2015-09-14,0.181,0.193
2015-09-15,0.21,0.211
2015-09-16,0.176,0.179
2015-09-17,0.177,0.183
2015-09-18,0.138,0.148
2015-09-21,0.145,0.15
2015-09-22,0.145,0.154
2015-09-23,0.12,0.132
2015-09-24,0.178,0.195
2015-09-25,0.155,0.166
2015-09-28,0.143,0.148
2015-09-29,0.134,0.143
2015-09-30,0.352,0.488
2015-10-01,0.186,0.179
2015-10-02,0.163,0.182
2015-10-05,0.146,0.155
2015-10-06,0.157,0.165
2015-10-07,0.161,0.166
2015-10-08,0.174,0.172
2015-10-09,0.195,0.199
2015-10-12,,
2015-10-13,0.203,0.194
2015-10-14,0.228,0.237
2015-10-15,0.247,0.255
2015-10-16,0.232,0.246
2015-10-19,0.186,0.204
2015-10-20,0.167,0.179
2015-10-21,0.121,0.14
2015-10-22,0.094,0.105
2015-10-23,0.169,0.189
2015-10-26,0.137,0.16
2015-10-27,0.106,0.119
2015-10-28,0.101,0.113
2015-10-29,0.118,0.131
2015-10-30,0.153,0.189
2015-11-02,0.117,0.14
2015-11-03,0.165,0.162
2015-11-04,0.15,0.154
2015-11-05,0.207,0.22
2015-11-06,0.156,0.168
2015-11-09,0.137,0.154
2015-11-10,0.124,0.134
2015-11-11,,
2015-11-12,0.173,0.181
2015-11-13,0.165,0.169
2015-11-16,0.175,0.181
2015-11-17,0.148,0.154
2015-11-18,0.104,0.127
2015-11-19,0.116,0.126
2015-11-20,0.084,0.094
2015-11-23,0.075,0.087
2015-11-24,0.152,0.142
2015-11-25,0.166,0.179
2015-11-26,,
2015-11-27,0.232,0.242
2015-11-30,0.23,0.297
2015-12-01,0.183,0.187
2015-12-02,0.201,0.195
2015-12-03,0.234,0.248
2015-12-04,0.244,0.251
2015-12-07,0.275,0.267
2015-12-08,0.303,0.307
2015-12-09,0.31,0.349
2015-12-10,0.262,0.28
2015-12-11,0.226,0.247
2015-12-14,0.235,0.224
2015-12-15,0.329,0.348
2015-12-16,0.4,0.404
2015-12-17,0.45,0.456
2015-12-18,0.436,0.457
2015-12-21,0.395,0.432
2015-12-22,0.352,0.371
2015-12-23,0.401,0.411
2015-12-24,0.539,0.556
2015-12-25,,
2015-12-28,0.549,0.596
2015-12-29,0.501,0.604
2015-12-30,0.475,0.523
2015-12-31,0.639,0.705
2016-01-01,,
2016-01-04,0.474,0.488
2016-01-05,0.48,0.489
2016-01-06,0.494,0.5
2016-01-07,0.466,0.476
2016-01-08,0.457,0.476
2016-01-11,0.449,0.457
2016-01-12,0.44,0.45
2016-01-13,0.434,0.449
2016-01-14,0.433,0.444
2016-01-15,0.444,0.46
2016-01-18,,
2016-01-19,0.445,0.446
2016-01-20,0.469,0.476
2016-01-21,0.508,0.5
2016-01-22,0.568,0.622
2016-01-25,0.487,0.53
2016-01-26,0.465,0.485
2016-01-27,0.463,0.484
2016-01-28,0.516,0.54
2016-01-29,0.533,0.559
2016-02-01,0.485,0.494
2016-02-02,0.501,0.524
2016-02-03,0.49,0.525
2016-02-04,0.517,0.543
2016-02-05,0.503,0.529
2016-02-08,0.481,0.493
2016-02-09,0.491,0.501
2016-02-10,0.495,0.507
2016-02-11,0.517,0.544
2016-02-12,0.483,0.508
2016-02-15,,
2016-02-16,0.506,0.525
2016-02-17,0.485,0.506
2016-02-18,0.482,0.49
2016-02-19,0.459,0.481
2016-02-22,0.426,0.448
2016-02-23,0.383,0.395
2016-02-24,0.454,0.484
2016-02-25,0.444,0.473
2016-02-26,0.388,0.418
2016-02-29,0.462,0.493
2016-03-01,0.411,0.432
2016-03-02,0.423,0.433
2016-03-03,0.438,0.453
2016-03-04,0.417,0.439
2016-03-07,0.417,0.425
2016-03-08,0.415,0.422
2016-03-09,0.419,0.426
2016-03-10,0.457,0.468
2016-03-11,0.452,0.469
2016-03-14,0.437,0.454
2016-03-15,0.472,0.487
2016-03-16,0.437,0.457
2016-03-17,0.438,0.457
2016-03-18,0.391,0.405
2016-03-21,0.361,0.376
2016-03-22,0.322,0.327
2016-03-23,0.376,0.36
2016-03-24,0.489,0.48
2016-03-25,,
2016-03-28,0.493,0.491
2016-03-29,0.469,0.489
2016-03-30,0.431,0.444
2016-03-31,0.639,0.622
2016-04-01,0.504,0.502
2016-04-04,0.466,0.483
2016-04-05,0.428,0.436
2016-04-06,0.428,0.436
2016-04-07,0.442,0.445
2016-04-08,0.442,0.442
2016-04-11,0.453,0.451
2016-04-12,0.451,0.447
2016-04-13,0.45,0.46
2016-04-14,0.454,0.45
2016-04-15,0.486,0.479
2016-04-18,0.433,0.44
2016-04-19,0.375,0.381
2016-04-20,0.352,0.362
2016-04-21,0.348,0.343
2016-04-22,0.43,0.461
2016-04-25,0.398,0.412
2016-04-26,0.379,0.388
2016-04-27,0.354,0.371
2016-04-28,0.341,0.341
2016-04-29,0.402,0.445
2016-05-02,0.384,0.379
2016-05-03,0.402,0.402
2016-05-04,0.408,0.409
2016-05-05,0.43,0.428
2016-05-06,0.437,0.449
2016-05-09,0.43,0.432
2016-05-10,0.436,0.44
2016-05-11,0.423,0.433
2016-05-12,0.429,0.437
2016-05-13,0.447,0.439
2016-05-16,0.451,0.465
2016-05-17,0.425,0.427
2016-05-18,0.379,0.393
2016-05-19,0.337,0.348
2016-05-20,0.315,0.32
2016-05-23,0.288,0.299
2016-05-24,0.384,0.389
2016-05-25,0.324,0.334
2016-05-26,0.295,0.295
2016-05-27,0.325,0.31
2016-05-30,,
2016-05-31,0.442,0.436
2016-06-01,0.42,0.417
2016-06-02,0.434,0.424
2016-06-03,0.434,0.43
2016-06-06,0.419,0.418
2016-06-07,0.454,0.444
2016-06-08,0.456,0.463
2016-06-09,0.483,0.471
2016-06-10,0.492,0.505
2016-06-13,0.486,0.491
2016-06-14,0.488,0.488
2016-06-15,0.531,0.539
2016-06-16,0.518,0.52
2016-06-17,0.491,0.493
2016-06-20,0.484,0.485
2016-06-21,0.494,0.491
2016-06-22,0.548,0.534
2016-06-23,0.614,0.626
2016-06-24,0.855,0.912
2016-06-27,0.761,0.823
2016-06-28,0.641,0.683
2016-06-29,0.569,0.595
2016-06-30,0.875,0.964
2016-07-01,0.582,0.624
2016-07-04,,
2016-07-05,0.502,0.505
2016-07-06,0.51,0.518
2016-07-07,0.517,0.512
2016-07-08,0.53,0.53
2016-07-11,0.508,0.529
2016-07-12,0.482,0.489
2016-07-13,0.474,0.482
2016-07-14,0.481,0.504
2016-07-15,0.503,0.524
2016-07-18,0.432,0.469
2016-07-19,0.393,0.399
2016-07-20,0.395,0.398
2016-07-21,0.442,0.455
2016-07-22,0.461,0.502
2016-07-25,0.447,0.463
2016-07-26,0.447,0.45
2016-07-27,0.449,0.45
2016-07-28,0.481,0.467
2016-07-29,0.539,0.579
2016-08-01,0.532,0.515
2016-08-02,0.526,0.545
2016-08-03,0.482,0.545
2016-08-04,0.53,0.556
2016-08-05,0.522,0.547
2016-08-08,0.471,0.534
2016-08-09,0.459,0.476
2016-08-10,0.474,0.472
2016-08-11,0.521,0.532
2016-08-12,0.515,0.537
2016-08-15,0.557,0.561
2016-08-16,0.527,0.538
2016-08-17,0.518,0.52
2016-08-18,0.525,0.538
2016-08-19,0.487,0.505
2016-08-22,0.402,0.464
2016-08-23,0.409,0.406
2016-08-24,0.458,0.493
2016-08-25,0.508,0.501
2016-08-26,0.504,0.517
2016-08-29,0.498,0.5
2016-08-30,0.485,0.49
2016-08-31,0.556,0.566
2016-09-01,0.549,0.551
2016-09-02,0.5,0.531
2016-09-05,,
2016-09-06,0.494,0.511
2016-09-07,0.505,0.507
2016-09-08,0.56,0.541
2016-09-09,0.54,0.571
2016-09-12,0.526,0.54
2016-09-13,0.517,0.531
2016-09-14,0.485,0.516
2016-09-15,0.541,0.571
2016-09-16,0.423,0.502
2016-09-19,0.408,0.432
2016-09-20,0.419,0.435
2016-09-21,0.414,0.43
2016-09-22,0.433,0.453
2016-09-23,0.506,0.53
2016-09-26,0.577,0.53
2016-09-27,0.681,0.741
2016-09-28,0.79,0.854
2016-09-29,0.891,0.976
2016-09-30,1.266,1.328
2016-10-03,0.747,0.664
2016-10-04,0.749,0.808
2016-10-05,0.662,0.712
2016-10-06,0.602,0.663
2016-10-07,0.481,0.519
2016-10-10,,
2016-10-11,0.52,0.519
2016-10-12,0.539,0.567
2016-10-13,0.511,0.595
2016-10-14,0.478,0.501
2016-10-17,0.519,0.536
2016-10-18,0.416,0.437
2016-10-19,0.363,0.37
2016-10-20,0.395,0.408
2016-10-21,0.334,0.348
2016-10-24,0.427,0.457
2016-10-25,0.444,0.424
2016-10-26,0.474,0.493
2016-10-27,0.5,0.527
2016-10-28,0.414,0.454
2016-10-31,0.493,0.527
2016-11-01,0.432,0.443
2016-11-02,0.425,0.437
2016-11-03,0.496,0.511
2016-11-04,0.453,0.495
2016-11-07,0.443,0.458
2016-11-08,0.451,0.447
2016-11-09,0.477,0.485
2016-11-10,0.501,0.538
2016-11-11,,
2016-11-14,0.428,0.465
2016-11-15,0.414,0.45
2016-11-16,0.388,0.412
2016-11-17,0.35,0.372
2016-11-18,0.286,0.312
2016-11-21,0.252,0.276
2016-11-22,0.244,0.257
2016-11-23,0.306,0.332
2016-11-24,,
2016-11-25,0.346,0.35
2016-11-28,0.298,0.319
2016-11-29,0.276,0.28
2016-11-30,0.324,0.354
2016-12-01,0.277,0.292
2016-12-02,0.294,0.301
2016-12-05,0.278,0.295
2016-12-06,0.268,0.304
2016-12-07,0.284,0.305
2016-12-08,0.304,0.323
2016-12-09,0.374,0.41
2016-12-12,0.37,0.425
2016-12-13,0.312,0.365
2016-12-14,0.264,0.284
2016-12-15,0.538,0.525
2016-12-16,0.55,0.577
2016-12-19,0.505,0.536
2016-12-20,0.481,0.498
2016-12-21,0.448,0.483
2016-12-22,0.486,0.496
2016-12-23,0.56,0.576
2016-12-26,,
2016-12-27,0.586,0.622
2016-12-28,0.665,0.742
2016-12-29,0.564,0.605
2016-12-30,0.471,0.584
2017-01-02,,
2017-01-03,0.588,0.597
2017-01-04,0.67,0.713
2017-01-05,0.622,0.627
2017-01-06,0.619,0.634
2017-01-09,0.572,0.599
2017-01-10,0.535,0.545
2017-01-11,0.549,0.549
2017-01-12,0.604,0.599
2017-01-13,0.663,0.689
2017-01-16,,
2017-01-17,0.763,0.745
2017-01-18,0.692,0.738
2017-01-19,0.569,0.597
2017-01-20,0.538,0.54
2017-01-23,0.5,0.514
2017-01-24,0.613,0.616
2017-01-25,0.605,0.617
2017-01-26,0.61,0.616
2017-01-27,0.593,0.611
2017-01-30,0.602,0.609
2017-01-31,0.695,0.722
2017-02-01,0.629,0.651
2017-02-02,0.597,0.61
2017-02-03,0.605,0.618
2017-02-06,0.588,0.61
2017-02-07,0.57,0.59
2017-02-08,0.553,0.57
2017-02-09,0.652,0.687
2017-02-10,0.621,0.639
2017-02-13,0.581,0.604
2017-02-14,0.582,0.599
2017-02-15,0.64,0.664
2017-02-16,0.564,0.597
2017-02-17,0.514,0.545
2017-02-20,,
2017-02-21,0.495,0.509
2017-02-22,0.489,0.496
2017-02-23,0.499,0.503
2017-02-24,0.547,0.576
2017-02-27,0.532,0.544
2017-02-28,0.596,0.618
2017-03-01,0.533,0.531
2017-03-02,0.536,0.525
2017-03-03,0.536,0.544
2017-03-06,0.533,0.547
2017-03-07,0.527,0.528
2017-03-08,0.53,0.528
2017-03-09,0.529,0.527
2017-03-10,0.523,0.533
2017-03-13,0.506,0.526
2017-03-14,0.589,0.621
2017-03-15,0.582,0.615
2017-03-16,0.81,0.834
2017-03-17,0.756,0.758
2017-03-20,0.759,0.761
2017-03-21,0.759,0.762
2017-03-22,0.752,0.757
2017-03-23,0.798,0.8
2017-03-24,0.838,0.848
2017-03-27,0.815,0.83
2017-03-28,0.803,0.81
2017-03-29,0.797,0.808
2017-03-30,0.851,0.905
2017-03-31,1.025,1.049
2017-04-03,0.832,0.831
2017-04-04,0.832,0.829
2017-04-05,0.852,0.852
2017-04-06,0.908,0.914
2017-04-07,0.897,0.908
2017-04-10,0.879,0.892
2017-04-11,0.868,0.867
2017-04-12,0.892,0.901
2017-04-13,0.984,1.015
2017-04-14,,
2017-04-17,0.993,1.011
2017-04-18,0.915,0.956
2017-04-19,0.836,0.848
2017-04-20,0.803,0.805
2017-04-21,0.802,0.803
2017-04-24,0.869,0.871
2017-04-25,0.846,0.863
2017-04-26,0.87,0.87
2017-04-27,0.9,0.915
2017-04-28,1.002,1.076
2017-05-01,0.884,0.922
2017-05-02,0.844,0.863
2017-05-03,0.844,0.852
2017-05-04,0.863,0.868
2017-05-05,0.856,0.905
2017-05-08,0.839,0.869
2017-05-09,0.813,0.846
2017-05-10,0.816,0.821
2017-05-11,0.829,0.856
2017-05-12,0.811,0.83
2017-05-15,0.859,0.864
2017-05-16,0.832,0.846
2017-05-17,0.841,0.841
2017-05-18,0.839,0.853
2017-05-19,0.805,0.83
2017-05-22,0.795,0.806
2017-05-23,0.791,0.794
2017-05-24,0.868,0.873
2017-05-25,0.92,0.918
2017-05-26,0.921,0.957
2017-05-29,,
2017-05-30,0.885,0.908
2017-05-31,0.991,0.998
2017-06-01,0.95,0.959
2017-06-02,0.928,0.934
2017-06-05,0.928,0.933
2017-06-06,0.938,0.94
2017-06-07,0.951,0.948
2017-06-08,0.98,0.992
2017-06-09,0.994,1.009
2017-06-12,0.993,1.015
2017-06-13,1.008,1.035
2017-06-14,1.075,1.067
2017-06-15,1.312,1.313
2017-06-16,1.253,1.284
2017-06-19,1.173,1.212
2017-06-20,1.109,1.138
2017-06-21,1.06,1.073
2017-06-22,1.072,1.078
2017-06-23,1.164,1.189
2017-06-26,1.134,1.157
2017-06-27,1.101,1.159
2017-06-28,1.123,1.244
2017-06-29,1.212,1.272
2017-06-30,1.366,1.506
2017-07-03,1.222,1.236
2017-07-04,,
2017-07-05,1.134,1.169
2017-07-06,1.095,1.149
2017-07-07,1.04,1.096
2017-07-10,1.029,1.06
2017-07-11,1.013,1.03
2017-07-12,1.041,1.05
2017-07-13,1.065,1.095
2017-07-14,1.079,1.093
2017-07-17,1.127,1.144
2017-07-18,1.071,1.106
2017-07-19,1.055,1.06
2017-07-20,1.071,1.089
2017-07-21,1.063,1.072
2017-07-24,1.13,1.168
2017-07-25,1.127,1.151
2017-07-26,1.101,1.143
2017-07-27,1.111,1.136
2017-07-28,1.085,1.11
2017-07-31,1.171,1.213
2017-08-01,1.072,1.121
2017-08-02,1.055,1.054
2017-08-03,1.07,1.07
2017-08-04,1.06,1.064
2017-08-07,1.066,1.071
2017-08-08,1.058,1.065
2017-08-09,1.074,1.074
2017-08-10,1.132,1.146
2017-08-11,1.157,1.183
2017-08-14,1.175,1.186
2017-08-15,1.211,1.232
2017-08-16,1.169,1.169
2017-08-17,1.185,1.194
2017-08-18,1.145,1.16
2017-08-21,1.093,1.113
2017-08-22,1.073,1.074
2017-08-23,1.085,1.09
2017-08-24,1.177,1.211
2017-08-25,1.152,1.161
2017-08-28,1.148,1.157
2017-08-29,1.111,1.143
2017-08-30,1.114,1.15
2017-08-31,1.227,1.31
2017-09-01,1.177,1.228
2017-09-04,,
2017-09-05,1.112,1.145
2017-09-06,1.118,1.129
2017-09-07,1.123,1.146
2017-09-08,1.117,1.145
2017-09-11,1.138,1.163
2017-09-12,1.134,1.229
2017-09-13,1.133,1.217
2017-09-14,1.202,1.245
2017-09-15,1.194,1.248
2017-09-18,1.086,1.138
2017-09-19,1.023,1.059
2017-09-20,1.022,1.038
2017-09-21,1.037,1.071
2017-09-22,1.06,1.124
2017-09-25,1.052,1.086
2017-09-26,1.033,1.062
2017-09-27,1.028,1.038
2017-09-28,1.062,1.072
2017-09-29,1.203,1.26
2017-10-02,1.122,1.134
2017-10-03,1.103,1.141
2017-10-04,1.094,1.145
2017-10-05,1.135,1.192
2017-10-06,1.127,1.193
2017-10-09,,
2017-10-10,1.114,1.159
2017-10-11,1.11,1.161
2017-10-12,1.081,1.15
2017-10-13,1.148,1.129
2017-10-16,1.178,1.18
2017-10-17,1.161,1.169
2017-10-18,1.145,1.153
2017-10-19,1.174,1.154
2017-10-20,1.201,1.21
2017-10-23,1.177,1.203
2017-10-24,1.155,1.193
2017-10-25,1.15,1.159
2017-10-26,1.176,1.192
2017-10-27,1.137,1.161
2017-10-30,1.124,1.147
2017-10-31,1.215,1.239
2017-11-01,1.182,1.167
2017-11-02,1.21,1.205
2017-11-03,1.196,1.201
2017-11-06,1.171,1.182
2017-11-07,1.16,1.154
2017-11-08,1.159,1.18
2017-11-09,1.204,1.214
2017-11-10,1.2,1.213
2017-11-13,1.196,1.214
2017-11-14,1.244,1.229
2017-11-15,1.288,1.303
2017-11-16,1.303,1.341
2017-11-17,1.254,1.262
2017-11-20,1.183,1.216
2017-11-21,1.135,1.159
2017-11-22,1.118,1.154
2017-11-23,,
2017-11-24,1.219,1.218
2017-11-27,1.177,1.203
2017-11-28,1.113,1.145
2017-11-29,1.057,1.061
2017-11-30,1.154,1.162
2017-12-01,1.109,1.128
2017-12-04,1.116,1.091
2017-12-05,1.17,1.148
2017-12-06,1.167,1.17
2017-12-07,1.142,1.168
2017-12-08,1.103,1.139
2017-12-11,1.114,1.13
2017-12-12,1.114,1.133
2017-12-13,1.12,1.145
2017-12-14,1.438,1.46
2017-12-15,1.498,1.541
2017-12-18,1.468,1.471
2017-12-19,1.465,1.47
2017-12-20,1.463,1.477
2017-12-21,1.501,1.513
2017-12-22,1.532,1.555
2017-12-25,,
2017-12-26,1.527,1.555
2017-12-27,1.495,1.558
2017-12-28,1.574,1.586
2017-12-29,1.836,1.852
2018-01-01,,
2018-01-02,1.604,1.57
2018-01-03,1.546,1.582
2018-01-04,1.536,1.599
2018-01-05,1.445,1.468
2018-01-08,1.411,1.462
2018-01-09,1.371,1.443
2018-01-10,1.339,1.376
2018-01-11,1.448,1.457
2018-01-12,1.483,1.522
2018-01-15,,
2018-01-16,1.525,1.575
2018-01-17,1.48,1.522
2018-01-18,1.429,1.451
2018-01-19,1.398,1.42
2018-01-22,1.379,1.393
2018-01-23,1.372,1.379
2018-01-24,1.464,1.492
2018-01-25,1.449,1.498
2018-01-26,1.437,1.463
2018-01-29,1.396,1.445
2018-01-30,1.398,1.452
2018-01-31,1.45,1.514
2018-02-01,1.435,1.436
2018-02-02,1.397,1.436
2018-02-05,1.381,1.416
2018-02-06,1.354,1.372
2018-02-07,1.377,1.376
2018-02-08,1.438,1.454
2018-02-09,1.409,1.449
2018-02-12,1.396,1.447
2018-02-13,1.396,1.435
2018-02-14,1.389,1.408
2018-02-15,1.485,1.51
2018-02-16,1.475,1.49
2018-02-19,,
2018-02-20,1.398,1.466
2018-02-21,1.382,1.444
2018-02-22,1.416,1.452
2018-02-23,1.417,1.471
2018-02-26,1.449,1.448
2018-02-27,1.45,1.459
2018-02-28,1.476,1.538
2018-03-01,1.575,1.554
2018-03-02,1.534,1.566
2018-03-05,1.519,1.552
2018-03-06,1.508,1.532
2018-03-07,1.503,1.532
2018-03-08,1.569,1.594
2018-03-09,1.556,1.567
2018-03-12,1.526,1.558
2018-03-13,1.532,1.55
2018-03-14,1.548,1.568
2018-03-15,1.636,1.652
2018-03-16,1.572,1.577
2018-03-19,1.569,1.571
2018-03-20,1.552,1.58
2018-03-21,1.519,1.592
2018-03-22,1.755,1.746
2018-03-23,1.794,1.802
2018-03-26,1.816,1.824
2018-03-27,1.802,1.829
2018-03-28,1.809,1.844
2018-03-29,2.068,1.971
2018-03-30,,
2018-04-02,1.95,1.931
2018-04-03,1.93,1.927
2018-04-04,1.795,1.812
2018-04-05,1.83,1.831
2018-04-06,1.819,1.823
2018-04-09,1.834,1.829
2018-04-10,1.825,1.836
2018-04-11,1.823,1.837
2018-04-12,1.786,1.79
2018-04-13,1.796,1.789
2018-04-16,1.836,1.842
2018-04-17,1.829,1.833
2018-04-18,1.804,1.807
2018-04-19,1.777,1.768
2018-04-20,1.759,1.77
2018-04-23,1.742,1.763
2018-04-24,1.755,1.791
2018-04-25,1.756,1.775
2018-04-26,1.776,1.785
2018-04-27,1.772,1.787
2018-04-30,1.827,1.844
2018-05-01,1.808,1.812
2018-05-02,1.789,1.804
2018-05-03,1.777,1.805
2018-05-04,1.767,1.778
2018-05-07,1.766,1.775
2018-05-08,1.778,1.783
2018-05-09,1.771,1.788
2018-05-10,1.793,1.81
2018-05-11,1.8,1.816
2018-05-14,1.794,1.808
2018-05-15,1.837,1.855
2018-05-16,1.789,1.803
2018-05-17,1.8,1.819
2018-05-18,1.762,1.773
2018-05-21,1.715,1.736
2018-05-22,1.67,1.691
2018-05-23,1.714,1.705
2018-05-24,1.791,1.808
2018-05-25,1.795,1.801
2018-05-28,,
2018-05-29,1.794,1.807
2018-05-30,1.801,1.815
2018-05-31,1.985,1.912
2018-06-01,1.884,1.9
2018-06-04,1.841,1.865
2018-06-05,1.796,1.825
2018-06-06,1.781,1.795
2018-06-07,1.766,1.787
2018-06-08,1.755,1.775
2018-06-11,1.739,1.765
2018-06-12,1.762,1.762
2018-06-13,1.743,1.789
2018-06-14,1.955,1.979
2018-06-15,1.996,1.994
2018-06-18,1.939,1.949
2018-06-19,1.93,1.941
2018-06-20,1.921,1.928
2018-06-21,1.966,1.943
2018-06-22,1.975,2.0
2018-06-25,1.955,1.998
2018-06-26,1.964,2.001
2018-06-27,1.953,1.988
2018-06-28,2.045,2.013
2018-06-29,2.233,2.321
2018-07-02,2.11,2.145
2018-07-03,2.049,2.088
2018-07-04,,
2018-07-05,2.025,2.05
2018-07-06,1.974,2.004
2018-07-09,1.946,1.968
2018-07-10,1.962,1.964
2018-07-11,1.938,1.971
2018-07-12,1.946,1.978
2018-07-13,1.995,1.989
2018-07-16,2.025,2.033
2018-07-17,1.983,2.011
2018-07-18,1.921,1.96
2018-07-19,1.954,1.973
2018-07-20,1.948,1.958
2018-07-23,1.923,1.951
2018-07-24,1.916,1.994
2018-07-25,1.956,1.98
2018-07-26,1.953,2.002
2018-07-27,1.922,1.968
2018-07-30,1.936,1.978
2018-07-31,1.979,2.038
2018-08-01,1.964,1.975
2018-08-02,1.967,2.013
2018-08-03,1.942,1.966
2018-08-06,1.959,1.986
2018-08-07,1.956,2.01
2018-08-08,1.959,2.024
2018-08-09,1.991,2.037
2018-08-10,2.018,2.03
2018-08-13,2.009,2.033
2018-08-14,2.047,2.048
2018-08-15,2.07,2.092
2018-08-16,2.055,2.093
2018-08-17,1.973,2.014
2018-08-20,1.973,1.994
2018-08-21,1.981,1.995
2018-08-22,2.003,2.015
2018-08-23,2.031,2.049
2018-08-24,2.024,2.042
2018-08-27,2.037,2.046
2018-08-28,2.006,2.039
2018-08-29,1.987,2.023
2018-08-30,1.995,2.033
2018-08-31,2.039,2.054
2018-09-03,,
2018-09-04,2.028,2.035
2018-09-05,2.007,2.033
2018-09-06,2.007,2.026
2018-09-07,2.02,2.025
2018-09-10,2.006,2.028
2018-09-11,2.003,2.032
2018-09-12,2.006,2.023
2018-09-13,1.99,2.016
2018-09-14,2.029,2.019
2018-09-17,2.045,2.062
2018-09-18,1.987,1.999
2018-09-19,1.981,1.978
2018-09-20,1.976,1.993
2018-09-21,1.984,1.983
2018-09-24,1.963,2.031
2018-09-25,1.97,2.013
2018-09-26,1.962,1.997
2018-09-27,2.226,2.247
2018-09-28,2.348,2.386
2018-10-01,2.29,2.301
2018-10-02,2.286,2.292
2018-10-03,2.275,2.282
2018-10-04,2.233,2.267
2018-10-05,2.223,2.248
2018-10-08,,
2018-10-09,2.251,2.24
2018-10-10,2.26,2.247
2018-10-11,2.255,2.265
2018-10-12,2.263,2.263
2018-10-15,2.285,2.291
2018-10-16,2.262,2.273
2018-10-17,2.27,2.268
2018-10-18,2.268,2.28
2018-10-19,2.261,2.268
2018-10-22,2.236,2.259
2018-10-23,2.233,2.253
2018-10-24,2.243,2.26
2018-10-25,2.265,2.267
2018-10-26,2.257,2.273
2018-10-29,2.246,2.268
2018-10-30,2.251,2.269
2018-10-31,2.31,2.304
2018-11-01,2.394,2.331
2018-11-02,2.324,2.362
2018-11-05,2.297,2.336
2018-11-06,2.261,2.313
2018-11-07,2.225,2.266
2018-11-08,2.281,2.298
2018-11-09,2.264,2.286
2018-11-12,,
2018-11-13,2.249,2.265
2018-11-14,2.274,2.272
2018-11-15,2.342,2.361
2018-11-16,2.33,2.346
2018-11-19,2.297,2.322
2018-11-20,2.248,2.28
2018-11-21,2.24,2.265
2018-11-22,,
2018-11-23,2.263,2.329
2018-11-26,2.261,2.293
2018-11-27,2.266,2.282
2018-11-28,2.268,2.29
2018-11-29,2.307,2.344
2018-11-30,2.357,2.393
2018-12-03,2.321,2.335
2018-12-04,,
2018-12-05,2.35,
2018-12-06,2.447,2.448
2018-12-07,2.316,2.381
2018-12-10,2.277,2.325
2018-12-11,2.271,2.291
2018-12-12,2.264,2.281
2018-12-13,2.262,2.283
2018-12-14,2.287,2.295
2018-12-17,2.396,2.409
2018-12-18,2.362,2.414
2018-12-19,2.326,2.369
2018-12-20,2.478,2.511
2018-12-21,2.445,2.491
2018-12-24,2.517,2.507
2018-12-25,,
2018-12-26,2.524,2.531
2018-12-27,2.503,2.524
2018-12-28,2.551,2.574
2018-12-31,5.149,4.434
2019-01-01,,
2019-01-02,3.231,3.39
2019-01-03,2.642,2.807
2019-01-04,2.491,2.533
2019-01-07,2.496,2.487
2019-01-08,2.516,2.519
2019-01-09,2.511,2.529
2019-01-10,2.484,2.515
2019-01-11,2.457,2.477
2019-01-14,2.446,2.474
2019-01-15,2.495,2.522
2019-01-16,2.455,2.466
2019-01-17,2.459,2.467
2019-01-18,2.455,2.463
2019-01-21,,
2019-01-22,2.464,2.47
2019-01-23,2.448,2.473
2019-01-24,2.477,2.498
2019-01-25,2.451,2.475
2019-01-28,2.443,2.465
2019-01-29,2.448,2.467
2019-01-30,2.452,2.459
2019-01-31,2.693,2.716
2019-02-01,2.521,2.553
2019-02-04,2.456,2.482
2019-02-05,2.445,2.465
2019-02-06,2.456,2.462
2019-02-07,2.442,2.461
2019-02-08,2.435,2.448
2019-02-11,2.455,2.505
2019-02-12,2.459,2.458
2019-02-13,2.45,2.459
2019-02-14,2.458,2.465
2019-02-15,2.487,2.504
2019-02-18,,
2019-02-19,2.473,2.472
2019-02-20,2.459,2.47
2019-02-21,2.453,2.459
2019-02-22,2.443,2.453
2019-02-25,2.446,2.463
2019-02-26,2.443,2.463
2019-02-27,2.437,2.456
2019-02-28,2.618,2.713
2019-03-01,2.454,2.464
2019-03-04,2.433,2.453
2019-03-05,2.437,2.45
2019-03-06,2.44,2.451
2019-03-07,2.452,2.463
2019-03-08,2.442,2.456
2019-03-11,2.449,2.459
2019-03-12,2.465,2.472
2019-03-13,2.458,2.476
2019-03-14,2.479,2.491
2019-03-15,2.521,2.544
2019-03-18,2.478,2.485
2019-03-19,2.531,2.523
2019-03-20,2.524,2.56
2019-03-21,2.5,2.521
2019-03-22,2.456,2.467
2019-03-25,2.453,2.456
2019-03-26,2.485,2.475
2019-03-27,2.449,2.477
2019-03-28,2.478,2.514
2019-03-29,2.611,2.815
2019-04-01,2.545,2.507
2019-04-02,2.543,2.53
2019-04-03,2.512,2.53
2019-04-04,2.535,2.523
2019-04-05,2.518,2.526
2019-04-08,2.516,2.528
2019-04-09,2.505,2.511
2019-04-10,2.49,2.505
2019-04-11,2.482,2.492
2019-04-12,2.498,2.492
2019-04-15,2.547,2.524
2019-04-16,2.587,2.552
2019-04-17,2.576,2.602
2019-04-18,2.568,2.556
2019-04-19,,
2019-04-22,2.547,2.546
2019-04-23,2.499,2.529
2019-04-24,2.49,2.499
2019-04-25,2.512,2.506
2019-04-26,2.519,2.542
2019-04-29,2.534,2.557
2019-04-30,2.807,2.915
2019-05-01,2.602,2.603
2019-05-02,2.534,2.56
2019-05-03,2.47,2.501
2019-05-06,2.464,2.481
2019-05-07,2.492,2.51
2019-05-08,2.473,2.49
2019-05-09,2.449,2.469
2019-05-10,2.445,2.458
2019-05-13,2.433,2.442
2019-05-14,2.456,2.471
2019-05-15,2.533,2.557
2019-05-16,2.487,2.501
2019-05-17,2.462,2.465
2019-05-20,2.433,2.447
2019-05-21,2.434,2.443
2019-05-22,2.413,2.425
2019-05-23,2.429,2.437
2019-05-24,2.425,2.44
2019-05-27,,
2019-05-28,2.456,2.477
2019-05-29,2.46,2.486
2019-05-30,2.445,2.48
2019-05-31,2.552,2.578
2019-06-03,2.459,2.477
2019-06-04,2.45,2.467
2019-06-05,2.455,2.465
2019-06-06,2.462,2.478
2019-06-07,2.444,2.462
2019-06-10,2.444,2.457
2019-06-11,2.437,2.454
2019-06-12,2.422,2.446
2019-06-13,2.409,2.427
2019-06-14,2.408,2.418
2019-06-17,2.493,2.496
2019-06-18,2.435,2.441
2019-06-19,2.41,2.424
2019-06-20,2.441,2.432
2019-06-21,2.419,2.447
2019-06-24,2.467,2.471
2019-06-25,2.448,2.513
2019-06-26,2.464,2.51
2019-06-27,2.466,2.492
2019-06-28,2.588,2.647
2019-07-01,2.87,2.566
2019-07-02,2.609,2.656
2019-07-03,2.656,2.724
2019-07-04,,
2019-07-05,2.642,2.677
2019-07-08,2.543,2.559
2019-07-09,2.532,2.562
2019-07-10,2.496,2.553
2019-07-11,2.451,2.487
2019-07-12,2.459,2.475
2019-07-15,2.551,2.561
2019-07-16,2.562,2.566
2019-07-17,2.527,2.591
2019-07-18,2.511,2.552
2019-07-19,2.468,2.504
2019-07-22,2.473,2.491
2019-07-23,2.47,2.497
2019-07-24,2.481,2.511
2019-07-25,2.49,2.525
2019-07-26,2.466,2.514
2019-07-29,2.468,2.509
2019-07-30,2.441,2.499
2019-07-31,2.609,2.705
2019-08-01,2.253,2.292
2019-08-02,2.232,2.267
2019-08-05,2.184,2.223
2019-08-06,2.176,2.203
2019-08-07,2.163,2.189
2019-08-08,2.186,2.188
2019-08-09,2.189,2.212
2019-08-12,2.183,2.237
2019-08-13,2.22,2.268
2019-08-14,2.2,2.25
2019-08-15,2.252,2.296
2019-08-16,2.192,2.22
2019-08-19,2.179,2.188
2019-08-20,2.186,2.208
2019-08-21,2.167,2.179
2019-08-22,2.162,2.169
2019-08-23,2.164,2.184
2019-08-26,2.19,2.196
2019-08-27,2.215,2.255
2019-08-28,2.178,2.218
2019-08-29,2.176,2.225
2019-08-30,2.23,2.276
2019-09-02,,
2019-09-03,2.304,2.335
2019-09-04,2.298,2.37
2019-09-05,2.269,2.307
2019-09-06,2.204,2.238
2019-09-09,2.197,2.22
2019-09-10,2.229,2.244
2019-09-11,2.24,2.261
2019-09-12,2.268,2.294
2019-09-13,2.288,2.298
2019-09-16,2.876,3.109
2019-09-17,6.007,6.699
2019-09-18,3.0,3.462
2019-09-19,1.975,2.108
2019-09-20,1.908,1.999
2019-09-23,2.0,1.987
2019-09-24,2.014,2.11
2019-09-25,2.01,2.136
2019-09-26,1.869,1.935
2019-09-27,1.874,1.909
2019-09-30,2.46,2.651
2019-10-01,1.96,1.975
2019-10-02,1.901,1.922
2019-10-03,1.871,1.895
2019-10-04,1.876,1.871
2019-10-07,1.884,1.879
2019-10-08,1.898,1.911
2019-10-09,1.899,1.907
2019-10-10,1.887,1.902
2019-10-11,1.888,1.898
2019-10-14,,
2019-10-15,2.17,2.09
2019-10-16,2.069,2.093
2019-10-17,1.974,1.996
2019-10-18,1.916,1.946
2019-10-21,1.908,1.919
2019-10-22,1.914,1.938
2019-10-23,1.902,1.926
2019-10-24,1.91,1.95
2019-10-25,1.88,1.897
2019-10-28,1.857,1.896
2019-10-29,1.873,1.893
2019-10-30,1.873,1.894
2019-10-31,1.807,1.863
2019-11-01,1.634,1.636
2019-11-04,1.62,1.626
2019-11-05,1.619,1.637
2019-11-06,1.601,1.619
2019-11-07,1.607,1.623
2019-11-08,1.603,1.618
2019-11-11,,
2019-11-12,1.632,1.651
2019-11-13,1.596,1.609
2019-11-14,1.612,1.634
2019-11-15,1.624,1.64
2019-11-18,1.608,1.608
2019-11-19,1.639,1.625
2019-11-20,1.62,1.636
2019-11-21,1.626,1.64
2019-11-22,1.614,1.638
2019-11-25,1.594,1.611
2019-11-26,1.588,1.597
2019-11-27,1.596,1.611
2019-11-28,,
2019-11-29,1.656,1.752
2019-12-02,1.64,1.681
2019-12-03,1.59,1.592
2019-12-04,1.598,1.593
2019-12-05,1.6,1.611
2019-12-06,1.588,1.599
2019-12-09,1.589,1.606
2019-12-10,1.589,1.608
2019-12-11,1.576,1.601
2019-12-12,1.568,1.584
2019-12-13,1.612,1.596
2019-12-16,1.643,1.664
2019-12-17,1.592,1.594
2019-12-18,1.579,1.587
2019-12-19,1.568,1.579
2019-12-20,1.559,1.571
2019-12-23,1.563,1.577
2019-12-24,1.549,1.568
2019-12-25,,
2019-12-26,1.573,1.576
2019-12-27,1.579,1.583
2019-12-30,1.572,1.592
2019-12-31,1.624,1.763
2020-01-01,,
2020-01-02,,
2020-01-03,,
2020-01-06,,
2020-01-07,,
2020-01-08,,
2020-01-09,,
2020-01-10,,
2020-01-13,,
2020-01-14,,
2020-01-15,,
2020-01-16,,
2020-01-17,,
2020-01-20,,
2020-01-21,,
2020-01-22,,
2020-01-23,,
2020-01-24,,
2020-01-27,,
2020-01-28,,
2020-01-29,,
2020-01-30,,
2020-01-31,,
2020-02-03,,
2020-02-04,,
2020-02-05,,
2020-02-06,,
2020-02-07,,
2020-02-10,,
2020-02-11,,
2020-02-12,,
2020-02-13,,
2020-02-14,,
2020-02-17,,
2020-02-18,,
2020-02-19,,
2020-02-20,,
2020-02-21,,
2020-02-24,,
2020-02-25,,
2020-02-26,,
2020-02-27,,
2020-02-28,,
2020-03-02,,
2020-03-03,,
2020-03-04,,
2020-03-05,,
2020-03-06,,
2020-03-09,,
2020-03-10,,
2020-03-11,,
2020-03-12,,
2020-03-13,,
2020-03-16,,
2020-03-17,,
2020-03-18,,
2020-03-19,,
2020-03-20,,
2020-03-23,,
2020-03-24,,
2020-03-25,,
2020-03-26,,
2020-03-27,,
2020-03-30,,
2020-03-31,,
2020-04-01,,
2020-04-02,,
2020-04-03,,
2020-04-06,,
2020-04-07,,
2020-04-08,,
2020-04-09,,
2020-04-10,,
2020-04-13,,
2020-04-14,,
2020-04-15,,
2020-04-16,,
2020-04-17,,
2020-04-20,,
2020-04-21,,
2020-04-22,,
2020-04-23,,
2020-04-24,,
2020-04-27,,
2020-04-28,,
2020-04-29,,
2020-04-30,,
2020-05-01,,
2020-05-04,,
2020-05-05,,
2020-05-06,,
2020-05-07,,
2020-05-08,,
2020-05-11,,
2020-05-12,,
2020-05-13,,
2020-05-14,,
2020-05-15,,
2020-05-18,,
2020-05-19,,
2020-05-20,,
2020-05-21,,
2020-05-22,,
2020-05-25,,
2020-05-26,,
2020-05-27,,
2020-05-28,0.126,0.125
2020-05-29,0.096,0.104
2020-06-01,0.118,0.121
2020-06-02,0.125,0.127
2020-06-03,0.115,0.118
2020-06-04,0.114,0.125
2020-06-05,0.119,0.124
2020-06-08,0.124,0.125
2020-06-09,0.125,0.128
2020-06-10,0.121,0.128
2020-06-11,0.112,0.112
2020-06-12,0.125,0.126
2020-06-15,0.13,0.129
2020-06-16,0.134,0.135
2020-06-17,0.12,0.131
2020-06-18,0.122,0.124
2020-06-19,0.123,0.124
2020-06-22,0.117,0.116
2020-06-23,0.11,0.108
2020-06-24,0.121,0.123
2020-06-25,0.125,0.129
2020-06-26,0.126,0.125
2020-06-29,0.123,0.129
2020-06-30,0.129,0.131
2020-07-01,0.134,0.132
2020-07-02,0.149,0.146
2020-07-03,,
2020-07-06,0.142,0.147
2020-07-07,0.136,0.144
2020-07-08,0.132,0.142
2020-07-09,0.138,0.14
2020-07-10,0.144,0.147
2020-07-13,0.139,0.146
2020-07-14,0.141,0.142
2020-07-15,0.151,0.169
2020-07-16,0.139,0.143
2020-07-17,0.143,0.144
2020-07-20,0.136,0.142
2020-07-21,0.13,0.138
2020-07-22,0.115,0.126
2020-07-23,0.125,0.133
2020-07-24,0.133,0.133
2020-07-27,0.135,0.137
2020-07-28,0.122,0.133
2020-07-29,0.115,0.118
2020-07-30,0.113,0.117
2020-07-31,0.134,0.137
2020-08-03,0.129,0.131
2020-08-04,0.124,0.133
2020-08-05,0.127,0.128
2020-08-06,0.129,0.131
2020-08-07,0.123,0.129
2020-08-10,0.128,0.132
2020-08-11,0.131,0.132
2020-08-12,0.129,0.131
2020-08-13,0.128,0.128
2020-08-14,0.127,0.129
2020-08-17,0.13,0.132
2020-08-18,0.118,0.128
2020-08-19,0.09,0.125
2020-08-20,0.112,0.111
2020-08-21,0.112,0.119
2020-08-24,0.105,0.128
2020-08-25,0.107,0.129
2020-08-26,0.095,0.118
2020-08-27,0.098,0.12
2020-08-28,0.101,0.122
2020-08-31,0.123,0.133
2020-09-01,0.132,0.132
2020-09-02,0.128,0.132
2020-09-03,0.132,0.135
2020-09-04,0.13,0.132
2020-09-07,,
2020-09-08,0.129,0.135
2020-09-09,0.125,0.13
2020-09-10,0.129,0.137
2020-09-11,0.128,0.134
2020-09-14,0.112,0.128
2020-09-15,0.129,0.139
2020-09-16,0.122,0.138
2020-09-17,0.127,0.135
2020-09-18,0.093,0.122
2020-09-21,0.08,0.121
2020-09-22,0.077,0.107
2020-09-23,0.072,0.096
2020-09-24,0.109,0.12
2020-09-25,0.116,0.128
2020-09-28,0.102,0.126
2020-09-29,0.103,0.121
2020-09-30,0.116,0.129
2020-10-01,0.117,0.125
2020-10-02,0.13,0.133
2020-10-05,0.121,0.133
2020-10-06,0.124,0.13
2020-10-07,0.095,0.128
2020-10-08,0.121,0.126
2020-10-09,0.118,0.129
2020-10-12,,
2020-10-13,0.127,0.136
2020-10-14,0.113,0.123
2020-10-15,0.131,0.136
2020-10-16,0.116,0.125
2020-10-19,0.116,0.122
2020-10-20,0.114,0.12
2020-10-21,0.095,0.111
2020-10-22,0.101,0.108
2020-10-23,0.121,0.136
2020-10-26,0.123,0.143
2020-10-27,0.114,0.137
2020-10-28,0.102,0.125
2020-10-29,0.118,0.127
2020-10-30,0.115,0.134
2020-11-02,0.126,0.133
2020-11-03,0.13,0.129
2020-11-04,0.127,0.131
2020-11-05,0.132,0.142
2020-11-06,0.124,0.136
2020-11-09,0.115,0.131
2020-11-10,0.123,0.137
2020-11-11,,
2020-11-12,0.113,0.128
2020-11-13,0.112,0.121
2020-11-16,0.127,0.136
2020-11-17,0.111,0.118
2020-11-18,0.083,0.091
2020-11-19,0.073,0.08
2020-11-20,0.068,0.069
2020-11-23,0.067,0.057
2020-11-24,0.11,0.111
2020-11-25,0.107,0.115
2020-11-26,,
2020-11-27,0.11,0.122
2020-11-30,0.11,0.124
2020-12-01,0.1,0.116
2020-12-02,0.098,0.118
2020-12-03,0.109,0.122
2020-12-04,0.117,0.121
2020-12-07,0.1,0.119
2020-12-08,0.091,0.108
2020-12-09,0.091,0.113
2020-12-10,0.102,0.111
2020-12-11,0.102,0.126
2020-12-14,0.082,0.106
2020-12-15,0.111,0.12
2020-12-16,0.099,0.115
2020-12-17,0.111,0.115
2020-12-18,0.11,0.115
2020-12-21,0.098,0.107
2020-12-22,0.074,0.091
2020-12-23,0.07,0.083
2020-12-24,0.107,0.111
2020-12-25,,
2020-12-28,0.122,0.131
2020-12-29,0.119,0.128
2020-12-30,0.096,0.122
2020-12-31,0.08,0.115
2021-01-01,,
2021-01-04,0.121,0.125
2021-01-05,0.125,0.13
2021-01-06,0.124,0.129
2021-01-07,0.12,0.13
2021-01-08,0.114,0.122
2021-01-11,0.096,0.119
2021-01-12,0.098,0.114
2021-01-13,0.1,0.111
2021-01-14,0.088,0.112
2021-01-15,0.09,0.117
2021-01-18,,
2021-01-19,0.089,0.109
2021-01-20,0.063,0.102
2021-01-21,0.044,0.089
2021-01-22,0.076,0.095
2021-01-25,0.075,0.097
2021-01-26,0.042,0.076
2021-01-27,0.054,0.065
2021-01-28,0.074,0.101
2021-01-29,0.072,0.106
2021-02-01,0.1,0.111
2021-02-02,0.096,0.106
2021-02-03,0.088,0.103
2021-02-04,0.062,0.094
2021-02-05,0.037,0.082
2021-02-08,0.062,0.09
2021-02-09,0.097,0.113
2021-02-10,0.102,0.117
2021-02-11,0.081,0.109
2021-02-12,0.067,0.101
2021-02-15,,
2021-02-16,0.093,0.121
2021-02-17,0.08,0.11
2021-02-18,0.054,0.085
2021-02-19,0.042,0.081
2021-02-22,0.046,0.088
2021-02-23,0.023,0.077
2021-02-24,0.05,0.07
2021-02-25,0.038,0.07
2021-02-26,0.009,0.045
2021-03-01,0.058,0.047
2021-03-02,0.075,0.077
2021-03-03,0.058,0.067
2021-03-04,0.038,0.049
2021-03-05,0.035,0.043
2021-03-08,0.035,0.049
2021-03-09,0.042,0.05
2021-03-10,0.048,0.051
2021-03-11,0.019,0.028
2021-03-12,0.012,0.019
2021-03-15,0.023,0.025
2021-03-16,0.012,0.019
2021-03-17,0.01,0.013
2021-03-18,-0.008,0.007
2021-03-19,0.005,0.002
2021-03-22,0.005,0.004
2021-03-23,0.006,0.005
2021-03-24,0.016,0.019
2021-03-25,0.04,0.04
2021-03-26,0.036,0.041
2021-03-29,0.027,0.043
2021-03-30,0.001,0.024
2021-03-31,0.01,0.006
2021-04-01,0.036,0.033
2021-04-02,,
2021-04-05,0.04,0.047
2021-04-06,0.028,0.038
2021-04-07,0.023,0.026
2021-04-08,0.013,0.017
2021-04-09,0.004,0.011
2021-04-12,0.003,0.016
2021-04-13,0.006,0.017
2021-04-14,0.0,0.01
2021-04-15,0.015,0.017
2021-04-16,0.008,0.014
2021-04-19,0.008,0.01
2021-04-20,0.005,0.01
2021-04-21,0.003,0.009
2021-04-22,0.009,0.011
2021-04-23,0.015,0.012
2021-04-26,0.009,0.016
2021-04-27,0.002,0.009
2021-04-28,0.0,0.008
2021-04-29,0.0,0.004
2021-04-30,0.017,0.012
2021-05-03,0.013,0.017
2021-05-04,0.009,0.019
2021-05-05,0.01,0.018
2021-05-06,0.012,0.021
2021-05-07,0.01,0.019
2021-05-10,0.011,0.02
2021-05-11,0.011,0.019
2021-05-12,0.008,0.018
2021-05-13,0.001,0.008
2021-05-14,0.002,0.01
2021-05-17,0.006,0.012
2021-05-18,0.002,0.012
2021-05-19,0.004,0.011
2021-05-20,0.001,0.01
2021-05-21,-0.006,0.009
2021-05-24,-0.001,0.014
2021-05-25,0.0,0.012
2021-05-26,-0.001,0.012
2021-05-27,-0.001,0.01
